demographic,state_variable,max_abs_error,max_rel_error,nrmse,status
sex=0_AP=0,ABi,1.7295353991748745e-19,2.406656901710496e-12,1.565284293045216e-11,OK
sex=0_AP=0,ABmo,7.523240758394289e-19,2.3034448281588623e-12,2.929774755219816e-12,OK
sex=0_AP=0,ABoo,7.046338048032966e-21,4.607266679227224e-12,3.5749900039768557e-12,OK
sex=0_AP=0,ABpo,8.275019219106114e-22,5.03095273716324e-06,5.344788185677769e-10,OK
sex=0_AP=0,G,1.5280474368467578e-16,2.4063058296894946e-12,1.0794563644794368e-11,OK
sex=0_AP=0,tau,1.8565903412630196e-18,2.407078548255903e-12,1.0806932772855693e-11,OK
sex=0_AP=0,Fi,4.2193966058447096e-22,7.242287151783588e-12,2.5623270237664644e-11,OK
sex=0_AP=0,Fo,3.452785806445382e-24,1.0113995570360927e-09,3.18891333115129e-11,OK
sex=0_AP=0,N,1.0449419107771973e-12,2.4067703909267145e-12,1.565264684680071e-11,OK
sex=0_AP=0,A,2.1186686031873098e-14,4.2548766350157303e-08,3.3907824584558716e-11,OK
sex=0_AP=0,M_NA,4.529134012276614e-12,1.9757080854230754e-10,3.5380692967702026e-11,OK
sex=0_AP=0,M_pro,4.585259255618368e-12,5.313375406809114e-09,3.624018587031879e-11,OK
sex=0_AP=0,M_anti,2.7542247996170666e-13,3.1121250862410336e-10,5.5524597663004994e-11,OK
sex=0_AP=0,Mh_pro,6.066167533569367e-13,3.898767274531536e-08,2.79455650566117e-11,OK
sex=0_AP=0,Mh_anti,1.2265463980847685e-14,5.3906335258716535e-09,3.632326816553536e-11,OK
sex=0_AP=0,Tb,5.059647823181908e-23,2.904145970000174e-10,5.4578247717817917e-11,OK
sex=0_AP=0,I10,3.790381966083496e-20,2.903731287097857e-10,5.457966848534133e-11,OK
sex=0_AP=0,Ta,9.22055320756019e-21,5.313516220652183e-09,3.389999511019553e-11,OK
sex=0_AP=0,P,1.0035495812197466e-18,5.313518068876806e-09,3.3900853570439624e-11,OK
sex=0_AP=1,ABi,1.5347178213063854e-18,1.678128371310518e-11,1.0521647426265231e-10,OK
sex=0_AP=1,ABmo,5.3523482541407204e-18,1.4980243880060467e-11,2.2180528200922538e-11,OK
sex=0_AP=1,ABoo,1.515882918758553e-19,2.9959992566909856e-11,2.6408906715724126e-11,OK
sex=0_AP=1,ABpo,1.0981058273860163e-20,1.6881533681121872e-06,2.4210745231380193e-09,OK
sex=0_AP=1,G,1.058520133524754e-15,1.6781581399901466e-11,8.26978602419203e-11,OK
sex=0_AP=1,tau,1.2861030633754076e-17,1.6781294624404352e-11,8.279844772061205e-11,OK
sex=0_AP=1,Fi,2.862264639283685e-21,5.034075182685364e-11,2.1223050599580293e-10,OK
sex=0_AP=1,Fo,2.2839610532103507e-23,7.056629000831323e-09,2.1807455507505938e-10,OK
sex=0_AP=1,N,7.257916490033267e-12,1.6781006789444244e-11,1.0521653811797139e-10,OK
sex=0_AP=1,A,1.4324052875899426e-13,9.248255454393621e-07,2.3126304868863705e-10,OK
sex=0_AP=1,M_NA,3.0519357874236874e-11,1.3139648049420054e-09,2.3992112774094044e-10,OK
sex=0_AP=1,M_pro,3.0971373035648675e-11,8.851842410936861e-09,2.4638585753465894e-10,OK
sex=0_AP=1,M_anti,1.8810773251554114e-12,2.214068121147453e-09,2.933994868048714e-10,OK
sex=0_AP=1,Mh_pro,4.214734030533185e-12,6.706266310548762e-08,1.9504803540248866e-10,OK
sex=0_AP=1,Mh_anti,8.859192134232086e-14,8.740919313797971e-09,2.756875592593743e-10,OK
sex=0_AP=1,Tb,3.3904378377024414e-22,2.066244651103296e-09,2.8168318537153575e-10,OK
sex=0_AP=1,I10,2.539373653197845e-19,2.0662329995162717e-09,2.8168368762273643e-10,OK
sex=0_AP=1,Ta,6.235296504712672e-20,8.851964813417142e-09,2.3121834621548362e-10,OK
sex=0_AP=1,P,6.7862575741952684e-18,1.7535490806317214e-08,2.312374027237018e-10,OK
sex=1_AP=0,ABi,3.3285747849133834e-20,4.655149386889105e-13,2.8147884884599523e-12,OK
sex=1_AP=0,ABmo,1.4505439221729893e-19,4.4431556463537436e-13,5.419667418545439e-13,OK
sex=1_AP=0,ABoo,1.3561626142806889e-21,8.884998502220143e-13,6.724477795786016e-13,OK
sex=1_AP=0,ABpo,6.785888129151093e-22,1.5370309532865786e-06,5.450554422177479e-10,OK
sex=1_AP=0,G,8.090858712173077e-18,4.653912210663215e-13,2.2580764480328684e-12,OK
sex=1_AP=0,tau,3.4993048633443283e-19,4.653833590393498e-13,2.261082049347449e-12,OK
sex=1_AP=0,Fi,7.956443516994435e-23,1.3913628773191076e-12,4.764929663517117e-12,OK
sex=1_AP=0,Fo,5.744942651144436e-25,1.4144535359921546e-10,5.236394434648164e-12,OK
sex=1_AP=0,N,1.8762769116165146e-13,4.647330250450872e-13,2.815062783236199e-12,OK
sex=1_AP=0,A,3.547597599799085e-15,2.5532606368566834e-08,5.621163732367313e-12,OK
sex=1_AP=0,M_NA,6.252637296810803e-13,3.361192899664414e-11,5.846859401106496e-12,OK
sex=1_AP=0,M_pro,6.352730841374665e-13,4.743572309162789e-10,6.00916689414884e-12,OK
sex=1_AP=0,M_anti,3.1488592115713754e-14,4.3159956631476274e-11,6.736547781673705e-12,OK
sex=1_AP=0,Mh_pro,9.144291227003443e-14,4.153878785123596e-09,4.733863057683529e-12,OK
sex=1_AP=0,Mh_anti,1.8768386638671336e-15,4.2532100287005895e-10,6.7967434448257736e-12,OK
sex=1_AP=0,Tb,5.634789269782995e-24,3.995853106760302e-11,6.433419207219432e-12,OK
sex=1_AP=0,I10,4.2203918075191875e-21,3.995936227331259e-11,6.429915199612189e-12,OK
sex=1_AP=0,Ta,1.2865857387724688e-21,4.738394807940638e-10,5.620325134887083e-12,OK
sex=1_AP=0,P,1.4004002334400248e-19,4.739221490412532e-10,5.620308879957813e-12,OK
sex=1_AP=1,ABi,1.3194694077726663e-12,1.4516522853568375e-05,8.364956125682784e-05,OK
sex=1_AP=1,ABmo,4.6165275855511755e-12,1.2851157851590563e-05,1.8571388321123164e-05,OK
sex=1_AP=1,ABoo,1.3028601725472985e-13,2.5701958135779003e-05,2.242088593107228e-05,OK
sex=1_AP=1,ABpo,1.8477541682134558e-17,0.001414953523567587,1.5873510413575692e-05,OK
sex=1_AP=1,G,2.5061681658574255e-10,1.4516522846913715e-05,8.084498052311131e-05,OK
sex=1_AP=1,tau,1.0843976615805056e-11,1.4516501687079573e-05,8.095310749442503e-05,OK
sex=1_AP=1,Fi,2.3985360949873155e-15,4.3539205668568044e-05,0.00018131627002140592,OK
sex=1_AP=1,Fo,1.7216853864166205e-17,0.004773569602395233,0.00016262454615077193,MISMATCH
sex=1_AP=1,N,5.823936669813179e-06,1.4516522853695924e-05,8.364956125707754e-05,OK
sex=1_AP=1,A,1.0794559670895056e-07,0.007015260825853448,0.00017321096500982355,MISMATCH
sex=1_AP=1,M_NA,1.90072510670089e-05,0.001014648546617917,0.00017994644438922968,MISMATCH
sex=1_AP=1,M_pro,1.9315893842665466e-05,0.0070149738100274,0.0001850298082264236,MISMATCH
sex=1_AP=1,M_anti,1.1222884297888355e-06,0.0014525291692833937,0.00021387633958095195,MISMATCH
sex=1_AP=1,Mh_pro,2.8024358573605027e-06,0.03152920444952926,0.00014620227067615682,MISMATCH
sex=1_AP=1,Mh_anti,6.075093602405597e-08,0.006768533352337117,0.00021851086688993665,MISMATCH
sex=1_AP=1,Tb,2.0099690166310385e-16,0.001343448576642526,0.00020452283465430236,MISMATCH
sex=1_AP=1,I10,1.5054649979339508e-13,0.0013434134077927003,0.0002045223984542666,MISMATCH
sex=1_AP=1,Ta,3.915078839780473e-14,0.007015031942313847,0.00017318477922286858,MISMATCH
sex=1_AP=1,P,4.26139701086351e-12,0.007015052533246712,0.00017318478838218603,MISMATCH
