sample_id,ordering,kendall_tau,t_peak_IL1,t_peak_IL12,t_peak_IL10
0,IL1<IL12<IL10,1.0,0.5,5.25,120.0
1,IL1<IL12<IL10,1.0,0.0,0.25,120.0
2,IL1<IL12<IL10,1.0,0.0,0.25,120.0
3,IL1<IL12<IL10,1.0,0.25,0.25,0.25
4,IL12<IL1<IL10,0.33333333333333337,6.0,3.25,15.75
5,IL1<IL12<IL10,1.0,0.0,0.75,120.0
6,IL10<IL1<IL12,-0.33333333333333337,120.0,120.0,6.5
7,IL1<IL12<IL10,1.0,0.25,120.0,120.0
8,IL10<IL1<IL12,-0.33333333333333337,0.25,0.25,0.0
9,IL1<IL12<IL10,1.0,1.25,2.25,120.0
10,IL1<IL12<IL10,1.0,36.0,39.75,120.0
11,IL12<IL1<IL10,0.33333333333333337,0.25,0.0,2.25
12,IL1<IL12<IL10,1.0,0.25,15.5,120.0
13,IL1<IL12<IL10,1.0,0.25,0.5,63.75
14,IL1<IL12<IL10,1.0,120.0,120.0,120.0
15,IL1<IL12<IL10,1.0,1.25,3.0,12.0
16,IL1<IL12<IL10,1.0,0.25,0.25,120.0
17,IL1<IL12<IL10,1.0,0.25,0.75,4.25
18,IL12<IL1<IL10,0.33333333333333337,1.5,0.0,115.0
19,IL10<IL1<IL12,-0.33333333333333337,2.0,4.0,1.0
20,IL1<IL12<IL10,1.0,11.5,120.0,120.0
21,IL12<IL1<IL10,0.33333333333333337,0.25,0.0,120.0
22,IL12<IL1<IL10,0.33333333333333337,12.5,8.25,120.0
23,IL10<IL1<IL12,-0.33333333333333337,120.0,120.0,85.0
24,IL12<IL1<IL10,0.33333333333333337,0.75,0.25,3.0
25,IL1<IL12<IL10,1.0,120.0,120.0,120.0
26,IL1<IL12<IL10,1.0,2.25,3.25,4.0
27,IL1<IL10<IL12,0.33333333333333337,0.0,0.25,0.0
28,IL12<IL1<IL10,0.33333333333333337,1.25,0.25,120.0
29,IL1<IL10<IL12,0.33333333333333337,0.25,120.0,21.25
30,IL10<IL1<IL12,-0.33333333333333337,42.0,120.0,0.0
31,IL12<IL1<IL10,0.33333333333333337,0.25,0.0,120.0
32,IL1<IL12<IL10,1.0,0.0,0.25,1.25
33,IL1<IL12<IL10,1.0,1.75,3.75,120.0
34,IL1<IL10<IL12,0.33333333333333337,8.0,12.0,10.25
35,IL1<IL12<IL10,1.0,0.25,0.25,120.0
36,IL1<IL12<IL10,1.0,0.0,0.25,120.0
37,IL10<IL1<IL12,-0.33333333333333337,120.0,120.0,6.75
38,IL12<IL1<IL10,0.33333333333333337,0.5,0.25,24.0
39,IL10<IL1<IL12,-0.33333333333333337,0.25,0.25,0.0
40,IL1<IL12<IL10,1.0,0.25,0.25,0.5
41,IL10<IL1<IL12,-0.33333333333333337,120.0,120.0,0.0
42,IL1<IL12<IL10,1.0,0.0,0.0,1.75
43,IL1<IL12<IL10,1.0,0.25,0.25,120.0
44,IL1<IL12<IL10,1.0,0.0,0.25,0.5
45,IL12<IL1<IL10,0.33333333333333337,12.5,0.25,120.0
46,IL1<IL12<IL10,1.0,0.25,2.0,120.0
47,IL10<IL12<IL1,-1.0,0.5,0.25,0.0
48,IL1<IL12<IL10,1.0,0.0,120.0,120.0
49,IL10<IL12<IL1,-1.0,1.5,1.25,0.0
50,IL1<IL12<IL10,1.0,2.0,3.25,120.0
51,IL12<IL10<IL1,-0.33333333333333337,4.0,3.0,3.25
52,IL1<IL12<IL10,1.0,0.0,0.25,120.0
53,IL12<IL1<IL10,0.33333333333333337,4.5,2.75,112.75
54,IL1<IL12<IL10,1.0,0.25,0.25,11.0
55,IL1<IL12<IL10,1.0,0.25,0.25,120.0
56,IL1<IL12<IL10,1.0,0.5,0.5,120.0
57,IL12<IL10<IL1,-0.33333333333333337,3.0,0.0,0.0
58,IL1<IL12<IL10,1.0,0.25,0.25,71.75
59,IL1<IL12<IL10,1.0,0.25,1.0,120.0
60,IL1<IL10<IL12,0.33333333333333337,1.75,4.25,2.75
61,IL1<IL12<IL10,1.0,0.25,0.25,120.0
62,IL1<IL12<IL10,1.0,0.0,1.75,91.0
63,IL10<IL1<IL12,-0.33333333333333337,120.0,120.0,0.0
64,IL1<IL10<IL12,0.33333333333333337,0.0,0.25,0.0
65,IL10<IL1<IL12,-0.33333333333333337,120.0,120.0,4.25
66,IL1<IL12<IL10,1.0,0.5,4.25,8.0
67,IL1<IL12<IL10,1.0,0.0,0.0,0.0
68,IL1<IL12<IL10,1.0,0.5,0.5,1.25
69,IL1<IL12<IL10,1.0,0.0,0.0,120.0
70,IL1<IL12<IL10,1.0,0.5,3.5,120.0
71,IL1<IL12<IL10,1.0,0.0,0.0,30.0
72,IL1<IL12<IL10,1.0,0.25,0.25,53.5
73,IL1<IL12<IL10,1.0,2.5,2.75,120.0
74,IL1<IL12<IL10,1.0,0.0,2.75,120.0
75,IL12<IL10<IL1,-0.33333333333333337,120.0,1.5,3.75
76,IL1<IL12<IL10,1.0,0.0,0.5,120.0
77,IL1<IL10<IL12,0.33333333333333337,1.5,2.5,1.75
78,IL10<IL1<IL12,-0.33333333333333337,120.0,120.0,0.0
79,IL12<IL1<IL10,0.33333333333333337,1.25,0.75,120.0
80,IL1<IL10<IL12,0.33333333333333337,0.0,0.25,0.0
81,IL10<IL1<IL12,-0.33333333333333337,120.0,120.0,7.5
82,IL1<IL12<IL10,1.0,0.0,11.0,120.0
83,IL12<IL1<IL10,0.33333333333333337,0.5,0.25,120.0
84,IL1<IL12<IL10,1.0,0.0,0.25,18.75
85,IL12<IL10<IL1,-0.33333333333333337,120.0,45.5,116.75
86,IL1<IL12<IL10,1.0,0.75,23.5,35.5
87,IL1<IL12<IL10,1.0,1.75,2.25,4.25
88,IL1<IL12<IL10,1.0,0.25,0.5,4.75
89,IL12<IL1<IL10,0.33333333333333337,120.0,19.0,120.0
90,IL1<IL12<IL10,1.0,7.0,30.5,120.0
91,IL1<IL12<IL10,1.0,6.5,7.75,48.25
92,IL1<IL12<IL10,1.0,0.25,0.5,120.0
93,IL1<IL10<IL12,0.33333333333333337,0.0,0.25,0.0
94,IL10<IL1<IL12,-0.33333333333333337,120.0,120.0,0.0
95,IL12<IL1<IL10,0.33333333333333337,0.5,0.25,120.0
96,IL1<IL12<IL10,1.0,0.5,1.5,1.5
97,IL10<IL1<IL12,-0.33333333333333337,0.25,0.25,0.0
98,IL10<IL1<IL12,-0.33333333333333337,12.5,14.25,0.0
99,IL1<IL12<IL10,1.0,0.25,0.75,27.0
100,IL1<IL12<IL10,1.0,0.25,0.25,120.0
101,IL12<IL1<IL10,0.33333333333333337,0.75,0.0,16.25
102,IL1<IL12<IL10,1.0,120.0,120.0,120.0
103,IL1<IL12<IL10,1.0,0.0,0.25,120.0
104,IL1<IL12<IL10,1.0,0.5,0.5,120.0
105,IL1<IL12<IL10,1.0,0.0,0.25,91.25
106,IL12<IL10<IL1,-0.33333333333333337,13.0,0.25,2.0
107,IL1<IL12<IL10,1.0,0.0,0.75,120.0
108,IL1<IL10<IL12,0.33333333333333337,0.0,0.25,0.0
109,IL1<IL12<IL10,1.0,0.25,0.25,120.0
110,IL1<IL12<IL10,1.0,0.25,0.25,120.0
111,IL1<IL12<IL10,1.0,0.25,3.0,29.25
112,IL1<IL12<IL10,1.0,0.25,0.25,9.25
113,IL1<IL12<IL10,1.0,0.0,1.0,120.0
114,IL10<IL1<IL12,-0.33333333333333337,19.0,20.0,0.0
115,IL1<IL12<IL10,1.0,0.25,0.5,18.0
116,IL1<IL12<IL10,1.0,0.25,0.25,120.0
117,IL1<IL10<IL12,0.33333333333333337,0.0,0.25,0.0
118,IL12<IL10<IL1,-0.33333333333333337,120.0,5.75,105.75
119,IL1<IL10<IL12,0.33333333333333337,0.0,0.25,0.0
120,IL12<IL1<IL10,0.33333333333333337,3.25,1.75,120.0
121,IL1<IL12<IL10,1.0,0.5,0.5,96.25
122,IL1<IL12<IL10,1.0,120.0,120.0,120.0
123,IL10<IL1<IL12,-0.33333333333333337,1.25,2.25,0.25
124,IL10<IL1<IL12,-0.33333333333333337,0.25,0.5,0.0
125,IL1<IL12<IL10,1.0,0.25,0.25,120.0
126,IL12<IL1<IL10,0.33333333333333337,0.75,0.0,120.0
127,IL10<IL1<IL12,-0.33333333333333337,0.25,0.25,0.0
128,IL1<IL12<IL10,1.0,0.5,0.75,120.0
129,IL1<IL12<IL10,1.0,120.0,120.0,120.0
130,IL1<IL12<IL10,1.0,0.25,0.25,21.75
131,IL10<IL12<IL1,-1.0,0.5,0.25,0.0
132,IL10<IL1<IL12,-0.33333333333333337,0.25,0.25,0.0
133,IL1<IL12<IL10,1.0,6.75,8.25,120.0
134,IL1<IL12<IL10,1.0,6.0,6.75,120.0
135,IL12<IL1<IL10,0.33333333333333337,1.75,1.25,4.5
136,IL1<IL12<IL10,1.0,1.0,1.5,10.25
137,IL10<IL12<IL1,-1.0,8.75,4.0,0.0
138,IL1<IL12<IL10,1.0,0.0,0.75,120.0
139,IL1<IL12<IL10,1.0,0.25,0.25,3.5
140,IL1<IL12<IL10,1.0,0.0,0.5,120.0
141,IL1<IL12<IL10,1.0,0.25,0.25,3.0
142,IL1<IL10<IL12,0.33333333333333337,4.5,120.0,6.25
143,IL12<IL1<IL10,0.33333333333333337,1.0,0.25,120.0
144,IL1<IL12<IL10,1.0,0.25,0.5,120.0
145,IL1<IL12<IL10,1.0,0.0,0.0,68.75
146,IL1<IL10<IL12,0.33333333333333337,0.0,1.75,0.0
147,IL1<IL12<IL10,1.0,0.25,0.25,120.0
148,IL1<IL12<IL10,1.0,0.0,1.0,49.5
149,IL1<IL12<IL10,1.0,0.25,0.25,120.0
150,IL1<IL12<IL10,1.0,1.5,3.25,120.0
151,IL1<IL12<IL10,1.0,0.25,0.25,0.25
152,IL10<IL1<IL12,-0.33333333333333337,120.0,120.0,1.5
153,IL10<IL12<IL1,-1.0,32.5,20.0,0.0
154,IL1<IL12<IL10,1.0,4.5,6.25,120.0
155,IL1<IL12<IL10,1.0,0.0,0.25,4.75
156,IL12<IL10<IL1,-0.33333333333333337,0.25,0.0,0.0
157,IL1<IL12<IL10,1.0,3.5,3.5,120.0
158,IL1<IL12<IL10,1.0,0.25,0.75,2.0
159,IL1<IL12<IL10,1.0,5.25,6.5,12.0
160,IL1<IL12<IL10,1.0,0.25,0.5,13.0
161,IL1<IL12<IL10,1.0,0.5,0.75,120.0
162,IL12<IL1<IL10,0.33333333333333337,120.0,2.5,120.0
163,IL10<IL1<IL12,-0.33333333333333337,0.25,0.25,0.0
164,IL1<IL12<IL10,1.0,0.0,0.25,120.0
165,IL1<IL12<IL10,1.0,0.25,0.25,0.5
166,IL10<IL1<IL12,-0.33333333333333337,120.0,120.0,0.0
167,IL1<IL10<IL12,0.33333333333333337,1.5,3.25,2.0
168,IL12<IL1<IL10,0.33333333333333337,55.75,22.5,120.0
170,IL12<IL1<IL10,0.33333333333333337,0.25,0.0,2.5
171,IL10<IL1<IL12,-0.33333333333333337,0.25,0.5,0.0
172,IL1<IL12<IL10,1.0,0.75,0.75,10.5
173,IL1<IL12<IL10,1.0,1.5,2.25,120.0
174,IL12<IL1<IL10,0.33333333333333337,2.5,1.75,21.5
175,IL1<IL10<IL12,0.33333333333333337,0.0,0.25,0.0
176,IL10<IL12<IL1,-1.0,0.5,0.25,0.0
177,IL1<IL12<IL10,1.0,2.75,6.25,120.0
178,IL12<IL10<IL1,-0.33333333333333337,76.0,5.5,10.75
179,IL1<IL12<IL10,1.0,0.75,2.5,22.75
180,IL1<IL12<IL10,1.0,0.0,0.25,120.0
181,IL1<IL12<IL10,1.0,0.25,0.25,0.25
182,IL10<IL1<IL12,-0.33333333333333337,120.0,120.0,0.0
183,IL1<IL12<IL10,1.0,0.25,0.75,120.0
184,IL1<IL10<IL12,0.33333333333333337,0.0,3.0,0.0
185,IL12<IL1<IL10,0.33333333333333337,1.5,1.25,6.25
186,IL1<IL12<IL10,1.0,120.0,120.0,120.0
187,IL1<IL12<IL10,1.0,0.75,3.0,4.0
188,IL1<IL12<IL10,1.0,0.25,0.25,120.0
189,IL1<IL12<IL10,1.0,0.5,2.75,120.0
190,IL1<IL12<IL10,1.0,0.25,8.25,120.0
191,IL1<IL12<IL10,1.0,120.0,120.0,120.0
192,IL1<IL12<IL10,1.0,0.0,0.0,60.75
193,IL10<IL1<IL12,-0.33333333333333337,120.0,120.0,16.5
194,IL1<IL12<IL10,1.0,0.25,0.25,41.5
195,IL1<IL12<IL10,1.0,2.0,3.75,120.0
196,IL1<IL12<IL10,1.0,0.0,0.0,0.0
197,IL1<IL12<IL10,1.0,0.5,0.75,120.0
198,IL1<IL12<IL10,1.0,0.5,8.75,120.0
199,IL10<IL1<IL12,-0.33333333333333337,0.25,120.0,0.0
200,IL12<IL1<IL10,0.33333333333333337,0.25,0.0,2.75
201,IL1<IL10<IL12,0.33333333333333337,0.0,120.0,0.0
202,IL12<IL1<IL10,0.33333333333333337,4.0,3.0,120.0
203,IL1<IL12<IL10,1.0,0.25,0.25,1.25
204,IL1<IL12<IL10,1.0,0.75,0.75,120.0
205,IL1<IL12<IL10,1.0,0.0,120.0,120.0
206,IL12<IL10<IL1,-0.33333333333333337,120.0,12.25,22.75
207,IL1<IL12<IL10,1.0,0.0,0.0,120.0
208,IL10<IL12<IL1,-1.0,3.25,3.0,1.0
209,IL1<IL12<IL10,1.0,0.0,0.0,9.0
210,IL12<IL1<IL10,0.33333333333333337,1.75,0.75,4.25
211,IL1<IL12<IL10,1.0,0.25,0.25,0.5
212,IL10<IL1<IL12,-0.33333333333333337,120.0,120.0,0.0
213,IL1<IL12<IL10,1.0,0.75,1.5,120.0
214,IL12<IL1<IL10,0.33333333333333337,1.75,1.5,120.0
215,IL10<IL1<IL12,-0.33333333333333337,1.5,3.5,0.0
216,IL1<IL12<IL10,1.0,0.25,0.25,85.25
217,IL10<IL1<IL12,-0.33333333333333337,0.25,5.0,0.0
218,IL12<IL1<IL10,0.33333333333333337,0.25,0.0,120.0
219,IL1<IL12<IL10,1.0,0.5,0.5,2.0
220,IL1<IL12<IL10,1.0,0.25,0.25,5.75
221,IL1<IL12<IL10,1.0,0.0,0.0,110.75
222,IL10<IL1<IL12,-0.33333333333333337,120.0,120.0,0.5
223,IL1<IL12<IL10,1.0,120.0,120.0,120.0
224,IL1<IL12<IL10,1.0,0.25,0.25,3.0
225,IL1<IL12<IL10,1.0,0.5,0.5,120.0
226,IL1<IL12<IL10,1.0,0.25,0.25,120.0
227,IL12<IL10<IL1,-0.33333333333333337,120.0,1.0,5.0
228,IL1<IL12<IL10,1.0,0.25,1.25,120.0
229,IL10<IL12<IL1,-1.0,120.0,17.25,0.0
230,IL12<IL1<IL10,0.33333333333333337,0.25,0.0,27.5
231,IL1<IL12<IL10,1.0,5.25,8.5,16.25
232,IL1<IL12<IL10,1.0,0.0,0.75,120.0
233,IL1<IL12<IL10,1.0,0.25,0.25,120.0
234,IL12<IL10<IL1,-0.33333333333333337,73.25,0.25,4.0
235,IL10<IL12<IL1,-1.0,5.5,4.5,0.0
236,IL1<IL12<IL10,1.0,0.0,0.25,19.25
237,IL1<IL12<IL10,1.0,6.75,8.5,120.0
238,IL12<IL1<IL10,0.33333333333333337,0.5,0.25,120.0
239,IL1<IL12<IL10,1.0,0.25,0.25,0.5
240,IL1<IL12<IL10,1.0,1.5,2.0,4.0
241,IL1<IL12<IL10,1.0,0.0,0.25,120.0
242,IL1<IL12<IL10,1.0,0.0,0.25,120.0
243,IL1<IL12<IL10,1.0,0.25,0.25,120.0
244,IL1<IL12<IL10,1.0,1.5,1.75,120.0
245,IL10<IL12<IL1,-1.0,3.25,1.25,1.0
246,IL1<IL10<IL12,0.33333333333333337,0.0,1.5,0.0
247,IL1<IL12<IL10,1.0,0.25,0.25,120.0
248,IL10<IL1<IL12,-0.33333333333333337,12.5,120.0,0.0
249,IL1<IL12<IL10,1.0,120.0,120.0,120.0
250,IL1<IL12<IL10,1.0,3.25,9.25,120.0
251,IL10<IL12<IL1,-1.0,9.0,8.0,0.0
252,IL10<IL1<IL12,-0.33333333333333337,0.25,0.25,0.0
253,IL1<IL10<IL12,0.33333333333333337,18.5,120.0,107.75
254,IL1<IL12<IL10,1.0,3.75,6.75,120.0
255,IL1<IL12<IL10,1.0,120.0,120.0,120.0
256,IL12<IL1<IL10,0.33333333333333337,12.0,7.25,120.0
257,IL1<IL10<IL12,0.33333333333333337,0.0,120.0,4.25
258,IL10<IL1<IL12,-0.33333333333333337,0.5,0.5,0.0
259,IL1<IL12<IL10,1.0,0.0,0.0,120.0
260,IL12<IL10<IL1,-0.33333333333333337,6.5,0.5,5.5
261,IL1<IL12<IL10,1.0,0.25,0.25,120.0
262,IL12<IL1<IL10,0.33333333333333337,0.25,0.0,120.0
263,IL1<IL12<IL10,1.0,0.75,1.75,2.5
264,IL10<IL1<IL12,-0.33333333333333337,0.25,120.0,0.0
265,IL1<IL12<IL10,1.0,0.25,0.5,120.0
266,IL1<IL12<IL10,1.0,0.0,0.0,120.0
267,IL1<IL12<IL10,1.0,0.25,0.25,0.75
268,IL1<IL12<IL10,1.0,0.25,0.25,120.0
269,IL1<IL12<IL10,1.0,0.0,0.25,10.25
270,IL12<IL1<IL10,0.33333333333333337,10.25,9.5,28.0
271,IL1<IL12<IL10,1.0,0.25,0.25,0.25
272,IL1<IL12<IL10,1.0,0.25,0.25,120.0
273,IL1<IL12<IL10,1.0,39.0,59.5,102.5
274,IL10<IL1<IL12,-0.33333333333333337,120.0,120.0,0.0
275,IL12<IL1<IL10,0.33333333333333337,0.25,0.0,120.0
276,IL1<IL12<IL10,1.0,0.0,0.0,3.0
277,IL1<IL10<IL12,0.33333333333333337,4.75,7.5,6.25
278,IL1<IL12<IL10,1.0,7.0,19.25,120.0
279,IL1<IL12<IL10,1.0,0.75,1.5,2.75
280,IL1<IL12<IL10,1.0,1.25,1.25,29.0
281,IL1<IL10<IL12,0.33333333333333337,1.25,31.75,1.75
282,IL1<IL12<IL10,1.0,0.25,0.25,120.0
283,IL1<IL12<IL10,1.0,0.25,0.25,0.25
284,IL10<IL12<IL1,-1.0,2.75,2.0,0.25
285,IL1<IL12<IL10,1.0,1.25,2.0,105.0
286,IL12<IL10<IL1,-0.33333333333333337,120.0,4.25,5.5
287,IL12<IL1<IL10,0.33333333333333337,0.75,0.5,120.0
288,IL10<IL12<IL1,-1.0,21.25,1.25,1.0
289,IL12<IL1<IL10,0.33333333333333337,17.5,16.25,120.0
290,IL1<IL12<IL10,1.0,0.25,0.5,62.25
291,IL10<IL12<IL1,-1.0,1.25,0.75,0.0
292,IL1<IL12<IL10,1.0,0.0,0.5,120.0
293,IL1<IL12<IL10,1.0,0.25,0.25,120.0
294,IL10<IL1<IL12,-0.33333333333333337,120.0,120.0,6.25
295,IL1<IL12<IL10,1.0,0.25,0.25,120.0
296,IL12<IL1<IL10,0.33333333333333337,0.25,0.0,120.0
297,IL1<IL12<IL10,1.0,120.0,120.0,120.0
298,IL10<IL1<IL12,-0.33333333333333337,120.0,120.0,0.75
299,IL12<IL1<IL10,0.33333333333333337,1.5,1.25,4.75
300,IL1<IL12<IL10,1.0,0.0,0.25,115.25
301,IL10<IL1<IL12,-0.33333333333333337,46.25,120.0,0.0
302,IL1<IL12<IL10,1.0,0.5,5.0,120.0
303,IL1<IL12<IL10,1.0,120.0,120.0,120.0
304,IL1<IL12<IL10,1.0,0.25,0.25,0.25
305,IL1<IL12<IL10,1.0,0.0,0.0,1.5
306,IL1<IL12<IL10,1.0,0.25,4.25,120.0
307,IL10<IL1<IL12,-0.33333333333333337,0.25,0.25,0.0
308,IL1<IL12<IL10,1.0,0.25,0.25,120.0
309,IL10<IL1<IL12,-0.33333333333333337,120.0,120.0,0.5
310,IL1<IL12<IL10,1.0,0.25,0.5,34.25
311,IL1<IL12<IL10,1.0,0.5,0.75,120.0
312,IL1<IL12<IL10,1.0,0.0,0.0,120.0
313,IL12<IL1<IL10,0.33333333333333337,0.5,0.25,21.25
314,IL1<IL12<IL10,1.0,3.5,10.25,63.75
315,IL1<IL12<IL10,1.0,0.25,0.25,120.0
316,IL1<IL12<IL10,1.0,0.25,0.25,6.75
317,IL10<IL1<IL12,-0.33333333333333337,0.25,0.25,0.0
318,IL1<IL12<IL10,1.0,3.5,5.25,120.0
319,IL1<IL12<IL10,1.0,120.0,120.0,120.0
320,IL1<IL12<IL10,1.0,0.25,0.25,120.0
321,IL1<IL12<IL10,1.0,120.0,120.0,120.0
322,IL10<IL1<IL12,-0.33333333333333337,0.5,0.75,0.0
323,IL1<IL12<IL10,1.0,120.0,120.0,120.0
324,IL1<IL12<IL10,1.0,0.0,0.0,0.0
325,IL12<IL1<IL10,0.33333333333333337,1.25,1.0,1.25
326,IL1<IL12<IL10,1.0,0.0,8.0,120.0
327,IL12<IL1<IL10,0.33333333333333337,2.5,0.25,120.0
328,IL1<IL12<IL10,1.0,0.5,1.5,32.75
329,IL12<IL1<IL10,0.33333333333333337,6.0,0.75,120.0
330,IL1<IL12<IL10,1.0,0.25,0.25,120.0
331,IL1<IL10<IL12,0.33333333333333337,0.25,120.0,0.25
332,IL10<IL1<IL12,-0.33333333333333337,0.25,0.25,0.0
333,IL1<IL12<IL10,1.0,1.5,48.5,50.0
334,IL1<IL12<IL10,1.0,1.0,3.75,17.5
335,IL1<IL12<IL10,1.0,0.0,0.25,120.0
336,IL1<IL12<IL10,1.0,0.5,1.75,15.5
337,IL1<IL12<IL10,1.0,55.5,81.75,120.0
338,IL12<IL10<IL1,-0.33333333333333337,0.25,0.0,0.0
339,IL1<IL12<IL10,1.0,0.75,1.25,44.75
340,IL10<IL1<IL12,-0.33333333333333337,120.0,120.0,1.25
341,IL12<IL1<IL10,0.33333333333333337,1.0,0.75,120.0
343,IL1<IL12<IL10,1.0,0.5,0.5,1.5
344,IL1<IL12<IL10,1.0,0.25,1.5,51.5
345,IL12<IL1<IL10,0.33333333333333337,29.5,7.25,120.0
346,IL1<IL12<IL10,1.0,1.75,5.25,120.0
347,IL1<IL12<IL10,1.0,0.0,0.0,0.5
348,IL10<IL1<IL12,-0.33333333333333337,2.25,6.0,0.0
349,IL1<IL12<IL10,1.0,45.5,45.5,63.5
350,IL1<IL10<IL12,0.33333333333333337,2.25,120.0,5.25
351,IL1<IL12<IL10,1.0,0.25,0.25,120.0
352,IL10<IL12<IL1,-1.0,0.75,0.5,0.0
353,IL1<IL12<IL10,1.0,4.75,15.75,120.0
354,IL10<IL1<IL12,-0.33333333333333337,120.0,120.0,2.25
355,IL1<IL10<IL12,0.33333333333333337,0.0,0.25,0.0
356,IL1<IL12<IL10,1.0,0.0,0.0,120.0
357,IL1<IL12<IL10,1.0,0.25,0.25,65.5
358,IL10<IL12<IL1,-1.0,0.5,0.25,0.0
359,IL1<IL10<IL12,0.33333333333333337,1.25,2.75,1.75
360,IL12<IL1<IL10,0.33333333333333337,0.25,0.0,120.0
361,IL12<IL1<IL10,0.33333333333333337,1.5,1.25,4.5
362,IL1<IL12<IL10,1.0,0.0,0.0,0.5
363,IL1<IL12<IL10,1.0,0.25,0.25,120.0
364,IL1<IL12<IL10,1.0,0.25,0.25,1.0
365,IL1<IL12<IL10,1.0,10.25,54.25,120.0
366,IL10<IL1<IL12,-0.33333333333333337,2.5,2.5,1.75
367,IL1<IL12<IL10,1.0,0.25,0.5,6.25
368,IL10<IL12<IL1,-1.0,120.0,7.25,0.0
369,IL1<IL12<IL10,1.0,0.0,0.25,120.0
370,IL1<IL12<IL10,1.0,0.25,0.25,120.0
371,IL12<IL10<IL1,-0.33333333333333337,0.25,0.0,0.0
372,IL1<IL12<IL10,1.0,0.0,3.0,120.0
373,IL1<IL10<IL12,0.33333333333333337,0.25,0.5,0.25
374,IL1<IL12<IL10,1.0,2.0,2.0,120.0
375,IL1<IL10<IL12,0.33333333333333337,0.0,0.75,0.0
376,IL1<IL12<IL10,1.0,0.5,0.5,120.0
377,IL1<IL12<IL10,1.0,0.0,0.0,120.0
378,IL1<IL12<IL10,1.0,120.0,120.0,120.0
379,IL1<IL12<IL10,1.0,0.0,0.25,120.0
380,IL10<IL12<IL1,-1.0,8.5,7.75,2.25
381,IL12<IL1<IL10,0.33333333333333337,5.0,4.5,20.75
382,IL1<IL12<IL10,1.0,0.25,0.25,120.0
383,IL1<IL12<IL10,1.0,0.0,120.0,120.0
384,IL1<IL12<IL10,1.0,0.0,0.25,120.0
385,IL1<IL12<IL10,1.0,0.25,0.25,1.5
386,IL1<IL12<IL10,1.0,0.0,0.25,120.0
387,IL1<IL12<IL10,1.0,0.75,0.75,2.0
388,IL1<IL12<IL10,1.0,1.5,1.75,3.5
389,IL10<IL12<IL1,-1.0,16.0,11.25,0.0
390,IL1<IL12<IL10,1.0,0.0,0.25,120.0
391,IL1<IL12<IL10,1.0,0.0,0.5,23.0
392,IL10<IL1<IL12,-0.33333333333333337,2.0,2.5,0.0
393,IL1<IL12<IL10,1.0,10.5,14.25,29.0
394,IL1<IL12<IL10,1.0,0.25,0.25,120.0
395,IL1<IL12<IL10,1.0,120.0,120.0,120.0
396,IL1<IL12<IL10,1.0,0.25,0.75,3.5
397,IL1<IL12<IL10,1.0,2.25,2.5,24.0
398,IL1<IL12<IL10,1.0,120.0,120.0,120.0
399,IL12<IL1<IL10,0.33333333333333337,1.5,0.25,120.0
400,IL1<IL12<IL10,1.0,26.5,36.75,120.0
401,IL1<IL12<IL10,1.0,0.25,0.25,9.75
402,IL1<IL12<IL10,1.0,2.75,6.5,12.75
403,IL1<IL12<IL10,1.0,0.25,0.25,120.0
404,IL1<IL12<IL10,1.0,0.5,0.5,3.25
405,IL12<IL1<IL10,0.33333333333333337,0.75,0.25,120.0
406,IL1<IL12<IL10,1.0,0.75,5.5,120.0
407,IL1<IL12<IL10,1.0,0.0,0.0,45.25
408,IL1<IL10<IL12,0.33333333333333337,0.0,0.25,0.0
409,IL1<IL12<IL10,1.0,4.25,4.25,5.5
410,IL1<IL12<IL10,1.0,0.0,0.25,120.0
411,IL12<IL1<IL10,0.33333333333333337,0.75,0.0,17.5
412,IL1<IL12<IL10,1.0,0.5,2.75,120.0
413,IL1<IL12<IL10,1.0,0.25,0.25,8.0
414,IL1<IL12<IL10,1.0,0.25,0.75,83.75
415,IL12<IL1<IL10,0.33333333333333337,0.75,0.5,120.0
416,IL10<IL1<IL12,-0.33333333333333337,120.0,120.0,2.0
417,IL1<IL12<IL10,1.0,0.25,0.25,120.0
418,IL12<IL10<IL1,-0.33333333333333337,0.25,0.0,0.0
419,IL1<IL10<IL12,0.33333333333333337,0.0,0.25,0.0
420,IL12<IL10<IL1,-0.33333333333333337,0.25,0.0,0.0
421,IL1<IL12<IL10,1.0,0.5,2.75,9.25
422,IL1<IL12<IL10,1.0,0.25,0.25,3.75
423,IL1<IL10<IL12,0.33333333333333337,0.0,1.25,0.0
424,IL1<IL12<IL10,1.0,3.0,4.0,8.75
425,IL1<IL12<IL10,1.0,0.5,1.0,2.5
426,IL10<IL1<IL12,-0.33333333333333337,120.0,120.0,0.0
427,IL12<IL1<IL10,0.33333333333333337,0.25,0.0,120.0
428,IL12<IL10<IL1,-0.33333333333333337,0.25,0.0,0.0
429,IL1<IL12<IL10,1.0,0.25,0.5,120.0
430,IL12<IL1<IL10,0.33333333333333337,0.5,0.0,120.0
431,IL1<IL12<IL10,1.0,1.0,1.25,2.75
432,IL10<IL1<IL12,-0.33333333333333337,120.0,120.0,25.25
433,IL1<IL12<IL10,1.0,0.0,0.0,120.0
434,IL1<IL12<IL10,1.0,120.0,120.0,120.0
435,IL1<IL12<IL10,1.0,0.25,0.25,6.5
436,IL10<IL12<IL1,-1.0,0.75,0.25,0.0
437,IL1<IL12<IL10,1.0,49.5,120.0,120.0
438,IL1<IL12<IL10,1.0,0.25,1.0,120.0
439,IL1<IL12<IL10,1.0,0.0,0.25,59.75
440,IL1<IL12<IL10,1.0,0.25,0.25,120.0
441,IL1<IL10<IL12,0.33333333333333337,2.25,8.75,3.75
442,IL10<IL12<IL1,-1.0,120.0,18.0,0.0
443,IL1<IL12<IL10,1.0,0.0,0.25,120.0
444,IL1<IL12<IL10,1.0,0.5,0.5,71.0
445,IL1<IL12<IL10,1.0,0.0,0.5,120.0
446,IL1<IL12<IL10,1.0,0.25,0.25,120.0
447,IL10<IL1<IL12,-0.33333333333333337,120.0,120.0,1.5
448,IL12<IL1<IL10,0.33333333333333337,1.5,0.5,120.0
449,IL1<IL12<IL10,1.0,18.0,120.0,120.0
450,IL12<IL1<IL10,0.33333333333333337,0.25,0.0,0.75
451,IL1<IL12<IL10,1.0,0.25,0.5,38.0
452,IL1<IL12<IL10,1.0,0.75,0.75,11.0
453,IL1<IL12<IL10,1.0,0.0,0.0,120.0
454,IL12<IL1<IL10,0.33333333333333337,120.0,28.5,120.0
455,IL12<IL1<IL10,0.33333333333333337,0.25,0.0,0.25
456,IL10<IL12<IL1,-1.0,2.25,0.5,0.0
457,IL1<IL12<IL10,1.0,120.0,120.0,120.0
458,IL1<IL12<IL10,1.0,0.75,4.75,62.75
459,IL1<IL10<IL12,0.33333333333333337,0.0,120.0,0.0
460,IL1<IL12<IL10,1.0,1.75,2.0,120.0
461,IL10<IL1<IL12,-0.33333333333333337,0.25,0.25,0.0
462,IL12<IL10<IL1,-0.33333333333333337,120.0,4.5,10.0
463,IL1<IL12<IL10,1.0,0.5,2.0,120.0
464,IL12<IL1<IL10,0.33333333333333337,4.25,3.25,16.75
465,IL1<IL10<IL12,0.33333333333333337,1.75,120.0,1.75
466,IL10<IL1<IL12,-0.33333333333333337,120.0,120.0,37.0
467,IL1<IL12<IL10,1.0,1.5,1.75,7.25
468,IL1<IL12<IL10,1.0,120.0,120.0,120.0
469,IL1<IL10<IL12,0.33333333333333337,0.0,2.0,0.0
470,IL1<IL12<IL10,1.0,0.25,0.25,120.0
471,IL1<IL12<IL10,1.0,0.75,1.75,120.0
472,IL1<IL12<IL10,1.0,0.25,0.25,120.0
473,IL1<IL12<IL10,1.0,0.25,0.25,120.0
474,IL1<IL12<IL10,1.0,0.25,0.25,120.0
475,IL1<IL10<IL12,0.33333333333333337,0.0,0.25,0.0
476,IL12<IL1<IL10,0.33333333333333337,3.5,0.0,3.75
477,IL1<IL12<IL10,1.0,0.5,1.25,9.0
478,IL10<IL1<IL12,-0.33333333333333337,120.0,120.0,1.5
479,IL1<IL12<IL10,1.0,0.25,0.5,120.0
480,IL1<IL12<IL10,1.0,0.0,120.0,120.0
481,IL12<IL1<IL10,0.33333333333333337,1.0,0.25,120.0
482,IL10<IL1<IL12,-0.33333333333333337,0.25,120.0,0.0
483,IL10<IL12<IL1,-1.0,1.25,1.0,0.5
484,IL1<IL12<IL10,1.0,0.25,0.25,120.0
485,IL1<IL12<IL10,1.0,120.0,120.0,120.0
486,IL1<IL12<IL10,1.0,0.0,0.25,100.5
487,IL12<IL1<IL10,0.33333333333333337,0.5,0.25,120.0
488,IL1<IL12<IL10,1.0,0.5,0.5,120.0
489,IL12<IL1<IL10,0.33333333333333337,2.25,1.5,120.0
490,IL1<IL10<IL12,0.33333333333333337,0.0,120.0,0.0
491,IL1<IL12<IL10,1.0,0.25,0.25,120.0
492,IL1<IL12<IL10,1.0,0.5,1.5,12.0
493,IL1<IL12<IL10,1.0,0.25,0.25,0.25
494,IL1<IL12<IL10,1.0,1.75,3.75,120.0
495,IL1<IL12<IL10,1.0,0.25,0.25,3.75
496,IL1<IL12<IL10,1.0,0.0,0.0,0.0
497,IL1<IL12<IL10,1.0,0.25,6.0,120.0
498,IL1<IL12<IL10,1.0,9.5,10.25,120.0
499,IL1<IL12<IL10,1.0,0.25,0.25,12.75
500,IL10<IL1<IL12,-0.33333333333333337,0.5,0.75,0.0
501,IL1<IL12<IL10,1.0,120.0,120.0,120.0
502,IL1<IL12<IL10,1.0,4.25,120.0,120.0
503,IL1<IL12<IL10,1.0,0.0,0.0,0.0
504,IL1<IL12<IL10,1.0,0.25,0.25,120.0
505,IL10<IL1<IL12,-0.33333333333333337,120.0,120.0,7.25
506,IL12<IL10<IL1,-0.33333333333333337,0.25,0.0,0.0
507,IL12<IL1<IL10,0.33333333333333337,1.5,1.25,120.0
508,IL1<IL10<IL12,0.33333333333333337,0.0,0.25,0.0
509,IL12<IL1<IL10,0.33333333333333337,0.75,0.5,120.0
510,IL1<IL12<IL10,1.0,0.0,0.75,120.0
511,IL1<IL12<IL10,1.0,0.25,0.25,25.25
512,IL1<IL12<IL10,1.0,120.0,120.0,120.0
513,IL1<IL12<IL10,1.0,0.25,7.75,120.0
514,IL1<IL12<IL10,1.0,0.25,0.25,120.0
515,IL1<IL12<IL10,1.0,0.25,0.25,12.25
516,IL1<IL12<IL10,1.0,0.5,0.5,2.25
517,IL12<IL1<IL10,0.33333333333333337,0.25,0.0,115.25
518,IL1<IL10<IL12,0.33333333333333337,0.0,11.25,0.0
519,IL1<IL12<IL10,1.0,1.0,8.0,94.75
520,IL10<IL12<IL1,-1.0,2.0,1.25,0.25
521,IL1<IL12<IL10,1.0,0.0,63.0,82.5
522,IL12<IL10<IL1,-0.33333333333333337,120.0,0.5,10.0
523,IL1<IL12<IL10,1.0,1.0,1.25,120.0
524,IL10<IL12<IL1,-1.0,1.0,0.75,0.0
525,IL1<IL12<IL10,1.0,1.0,2.5,120.0
526,IL12<IL1<IL10,0.33333333333333337,83.75,80.0,120.0
527,IL1<IL12<IL10,1.0,0.25,0.25,8.0
528,IL1<IL12<IL10,1.0,0.25,120.0,120.0
529,IL1<IL12<IL10,1.0,0.25,0.5,120.0
530,IL1<IL12<IL10,1.0,11.75,13.75,120.0
531,IL1<IL12<IL10,1.0,1.25,1.25,1.5
532,IL1<IL12<IL10,1.0,0.25,0.25,120.0
533,IL1<IL12<IL10,1.0,0.0,0.0,0.0
534,IL1<IL12<IL10,1.0,1.75,2.5,3.25
535,IL1<IL12<IL10,1.0,0.25,0.75,4.75
536,IL10<IL1<IL12,-0.33333333333333337,0.25,0.25,0.0
537,IL1<IL12<IL10,1.0,1.0,1.0,16.5
538,IL12<IL1<IL10,0.33333333333333337,120.0,7.0,120.0
539,IL1<IL12<IL10,1.0,0.25,0.25,0.25
540,IL1<IL12<IL10,1.0,0.0,0.75,5.5
541,IL1<IL12<IL10,1.0,0.25,0.25,120.0
542,IL1<IL12<IL10,1.0,0.5,0.5,120.0
543,IL10<IL1<IL12,-0.33333333333333337,1.75,120.0,1.25
544,IL1<IL12<IL10,1.0,4.25,4.25,120.0
545,IL12<IL1<IL10,0.33333333333333337,2.0,1.25,6.25
546,IL1<IL12<IL10,1.0,0.75,1.25,38.75
547,IL12<IL10<IL1,-0.33333333333333337,6.75,3.25,4.25
548,IL12<IL10<IL1,-0.33333333333333337,0.75,0.0,0.25
549,IL1<IL12<IL10,1.0,0.0,0.25,120.0
550,IL1<IL12<IL10,1.0,2.0,4.0,120.0
551,IL10<IL1<IL12,-0.33333333333333337,0.25,0.25,0.0
552,IL1<IL12<IL10,1.0,0.25,0.25,7.75
553,IL10<IL1<IL12,-0.33333333333333337,6.25,9.25,0.0
554,IL1<IL12<IL10,1.0,0.0,2.0,120.0
555,IL12<IL1<IL10,0.33333333333333337,0.25,0.0,2.75
556,IL12<IL1<IL10,0.33333333333333337,0.25,0.0,0.25
557,IL1<IL12<IL10,1.0,0.25,0.25,33.75
558,IL10<IL1<IL12,-0.33333333333333337,112.25,112.25,0.0
559,IL12<IL1<IL10,0.33333333333333337,4.5,3.25,6.75
560,IL1<IL12<IL10,1.0,0.0,0.0,120.0
561,IL1<IL12<IL10,1.0,120.0,120.0,120.0
562,IL1<IL12<IL10,1.0,0.25,0.25,1.25
563,IL1<IL12<IL10,1.0,9.5,10.5,17.25
564,IL10<IL1<IL12,-0.33333333333333337,3.5,10.75,0.0
565,IL12<IL1<IL10,0.33333333333333337,5.75,0.0,120.0
566,IL1<IL12<IL10,1.0,0.0,0.75,104.25
567,IL1<IL12<IL10,1.0,0.0,0.0,0.0
568,IL1<IL12<IL10,1.0,0.25,0.25,3.25
569,IL1<IL10<IL12,0.33333333333333337,0.0,6.0,0.0
570,IL1<IL12<IL10,1.0,1.5,1.75,12.25
571,IL1<IL12<IL10,1.0,0.25,0.25,8.75
572,IL1<IL12<IL10,1.0,0.25,0.25,120.0
573,IL1<IL12<IL10,1.0,1.5,1.75,6.75
574,IL1<IL12<IL10,1.0,22.25,120.0,120.0
575,IL10<IL12<IL1,-1.0,120.0,3.5,0.25
576,IL1<IL12<IL10,1.0,0.0,0.0,0.0
577,IL1<IL12<IL10,1.0,2.5,4.25,120.0
578,IL10<IL1<IL12,-0.33333333333333337,120.0,120.0,0.25
579,IL1<IL12<IL10,1.0,0.0,0.25,120.0
580,IL1<IL12<IL10,1.0,0.25,0.5,120.0
581,IL10<IL1<IL12,-0.33333333333333337,120.0,120.0,0.0
582,IL10<IL1<IL12,-0.33333333333333337,0.5,0.75,0.0
583,IL1<IL12<IL10,1.0,0.0,0.0,120.0
584,IL10<IL1<IL12,-0.33333333333333337,0.25,10.5,0.0
585,IL12<IL1<IL10,0.33333333333333337,1.25,0.5,120.0
586,IL1<IL12<IL10,1.0,0.0,2.5,3.0
587,IL1<IL12<IL10,1.0,0.25,0.25,120.0
588,IL1<IL10<IL12,0.33333333333333337,0.75,2.0,0.75
589,IL12<IL1<IL10,0.33333333333333337,8.75,8.25,9.25
590,IL1<IL12<IL10,1.0,0.0,0.25,120.0
591,IL1<IL12<IL10,1.0,0.5,0.75,3.75
592,IL1<IL12<IL10,1.0,0.0,0.0,0.0
593,IL12<IL1<IL10,0.33333333333333337,1.75,1.25,2.5
594,IL1<IL12<IL10,1.0,0.0,0.5,120.0
595,IL12<IL1<IL10,0.33333333333333337,3.25,2.0,48.25
596,IL1<IL12<IL10,1.0,0.0,0.25,120.0
597,IL12<IL1<IL10,0.33333333333333337,2.0,1.25,10.0
598,IL10<IL1<IL12,-0.33333333333333337,0.25,22.5,0.0
599,IL1<IL12<IL10,1.0,2.0,2.75,120.0
600,IL1<IL12<IL10,1.0,0.5,1.0,27.75
601,IL12<IL1<IL10,0.33333333333333337,0.25,0.0,2.0
602,IL1<IL12<IL10,1.0,2.0,120.0,120.0
603,IL1<IL12<IL10,1.0,0.25,0.5,120.0
604,IL1<IL12<IL10,1.0,0.25,0.25,9.25
605,IL1<IL12<IL10,1.0,0.0,0.25,120.0
606,IL1<IL12<IL10,1.0,0.25,0.25,120.0
607,IL1<IL12<IL10,1.0,0.25,0.25,2.5
608,IL1<IL12<IL10,1.0,3.25,3.5,33.5
609,IL1<IL12<IL10,1.0,0.25,120.0,120.0
610,IL1<IL10<IL12,0.33333333333333337,0.0,9.25,0.0
611,IL12<IL1<IL10,0.33333333333333337,3.75,3.0,120.0
612,IL10<IL1<IL12,-0.33333333333333337,0.25,0.25,0.0
613,IL1<IL12<IL10,1.0,1.5,3.0,120.0
614,IL12<IL1<IL10,0.33333333333333337,11.0,4.5,120.0
615,IL1<IL12<IL10,1.0,0.25,0.25,19.25
616,IL12<IL1<IL10,0.33333333333333337,0.5,0.25,3.75
617,IL1<IL12<IL10,1.0,0.0,0.25,120.0
618,IL1<IL12<IL10,1.0,0.25,0.25,120.0
619,IL1<IL12<IL10,1.0,0.0,0.0,82.5
620,IL10<IL1<IL12,-0.33333333333333337,0.25,0.25,0.0
621,IL1<IL12<IL10,1.0,0.25,120.0,120.0
622,IL12<IL10<IL1,-0.33333333333333337,120.0,0.0,4.0
623,IL1<IL12<IL10,1.0,0.25,0.25,120.0
624,IL1<IL12<IL10,1.0,0.25,0.5,120.0
626,IL12<IL10<IL1,-0.33333333333333337,120.0,0.75,9.25
627,IL1<IL12<IL10,1.0,3.25,5.75,8.75
628,IL10<IL12<IL1,-1.0,3.5,1.75,0.0
629,IL1<IL12<IL10,1.0,0.25,4.5,120.0
630,IL12<IL1<IL10,0.33333333333333337,2.5,0.25,49.75
631,IL1<IL12<IL10,1.0,5.75,6.75,11.5
632,IL1<IL12<IL10,1.0,0.25,0.25,120.0
633,IL1<IL12<IL10,1.0,9.5,64.5,120.0
634,IL12<IL1<IL10,0.33333333333333337,1.25,0.5,120.0
635,IL1<IL10<IL12,0.33333333333333337,0.0,4.0,0.25
636,IL10<IL1<IL12,-0.33333333333333337,0.75,3.75,0.0
637,IL1<IL12<IL10,1.0,0.25,0.25,120.0
638,IL1<IL12<IL10,1.0,0.0,0.5,23.25
639,IL1<IL12<IL10,1.0,0.5,0.75,60.75
640,IL1<IL12<IL10,1.0,0.25,0.25,11.25
641,IL12<IL1<IL10,0.33333333333333337,0.5,0.25,120.0
642,IL10<IL1<IL12,-0.33333333333333337,0.25,0.25,0.0
643,IL12<IL1<IL10,0.33333333333333337,0.25,0.0,99.75
644,IL12<IL1<IL10,0.33333333333333337,0.25,0.0,120.0
645,IL1<IL12<IL10,1.0,120.0,120.0,120.0
646,IL1<IL12<IL10,1.0,0.5,0.75,2.75
647,IL1<IL12<IL10,1.0,0.25,0.5,120.0
648,IL1<IL10<IL12,0.33333333333333337,5.75,13.25,12.75
649,IL12<IL1<IL10,0.33333333333333337,2.25,1.5,11.0
650,IL1<IL12<IL10,1.0,5.75,120.0,120.0
651,IL10<IL12<IL1,-1.0,3.0,1.5,0.0
652,IL1<IL10<IL12,0.33333333333333337,0.0,0.25,0.0
653,IL1<IL12<IL10,1.0,0.25,0.25,120.0
654,IL1<IL12<IL10,1.0,1.25,1.25,120.0
655,IL10<IL1<IL12,-0.33333333333333337,120.0,120.0,0.0
656,IL1<IL12<IL10,1.0,0.0,0.25,10.75
657,IL12<IL1<IL10,0.33333333333333337,9.0,0.25,120.0
658,IL1<IL10<IL12,0.33333333333333337,0.0,2.0,1.0
659,IL1<IL12<IL10,1.0,0.25,0.25,5.25
660,IL1<IL12<IL10,1.0,1.0,1.25,120.0
661,IL1<IL12<IL10,1.0,120.0,120.0,120.0
662,IL1<IL12<IL10,1.0,0.0,0.0,0.5
663,IL1<IL12<IL10,1.0,0.25,0.25,120.0
664,IL1<IL12<IL10,1.0,0.0,0.25,120.0
665,IL12<IL10<IL1,-0.33333333333333337,120.0,1.75,2.75
666,IL1<IL12<IL10,1.0,120.0,120.0,120.0
667,IL1<IL12<IL10,1.0,0.0,0.25,120.0
668,IL1<IL10<IL12,0.33333333333333337,0.0,0.25,0.0
669,IL1<IL12<IL10,1.0,0.0,79.75,120.0
670,IL1<IL12<IL10,1.0,0.25,0.25,120.0
671,IL1<IL12<IL10,1.0,120.0,120.0,120.0
672,IL1<IL12<IL10,1.0,0.25,0.25,0.25
673,IL1<IL12<IL10,1.0,120.0,120.0,120.0
674,IL1<IL12<IL10,1.0,0.25,120.0,120.0
675,IL10<IL12<IL1,-1.0,1.0,0.75,0.0
676,IL12<IL1<IL10,0.33333333333333337,7.25,2.5,120.0
677,IL1<IL12<IL10,1.0,3.75,6.0,120.0
678,IL1<IL12<IL10,1.0,120.0,120.0,120.0
679,IL1<IL12<IL10,1.0,4.75,6.5,8.75
680,IL12<IL1<IL10,0.33333333333333337,0.5,0.25,88.5
681,IL1<IL12<IL10,1.0,0.0,0.25,120.0
682,IL12<IL1<IL10,0.33333333333333337,0.5,0.25,120.0
683,IL1<IL12<IL10,1.0,0.25,0.5,4.5
684,IL1<IL12<IL10,1.0,1.5,1.75,120.0
685,IL1<IL12<IL10,1.0,0.0,0.0,0.25
686,IL10<IL1<IL12,-0.33333333333333337,120.0,120.0,0.0
687,IL1<IL12<IL10,1.0,0.75,1.25,29.0
688,IL10<IL1<IL12,-0.33333333333333337,4.75,5.0,0.0
689,IL1<IL12<IL10,1.0,0.0,120.0,120.0
690,IL1<IL12<IL10,1.0,0.5,0.5,13.5
691,IL1<IL12<IL10,1.0,0.25,0.25,0.25
692,IL12<IL1<IL10,0.33333333333333337,0.5,0.25,30.75
693,IL1<IL12<IL10,1.0,0.25,0.25,120.0
694,IL1<IL12<IL10,1.0,11.25,13.25,120.0
695,IL1<IL12<IL10,1.0,0.0,0.5,120.0
696,IL1<IL12<IL10,1.0,0.0,0.0,0.0
697,IL1<IL12<IL10,1.0,0.5,9.25,120.0
698,IL1<IL12<IL10,1.0,0.25,0.25,120.0
699,IL1<IL12<IL10,1.0,1.5,2.75,16.75
700,IL1<IL12<IL10,1.0,0.25,0.25,1.0
701,IL1<IL10<IL12,0.33333333333333337,0.0,0.5,0.0
702,IL10<IL1<IL12,-0.33333333333333337,120.0,120.0,0.0
703,IL1<IL12<IL10,1.0,12.25,19.25,120.0
704,IL1<IL12<IL10,1.0,0.0,0.25,2.25
705,IL10<IL1<IL12,-0.33333333333333337,0.25,0.5,0.0
706,IL1<IL12<IL10,1.0,0.25,0.25,120.0
707,IL1<IL12<IL10,1.0,0.25,0.5,72.25
708,IL1<IL12<IL10,1.0,0.25,0.25,120.0
709,IL1<IL10<IL12,0.33333333333333337,1.5,4.5,2.25
710,IL12<IL1<IL10,0.33333333333333337,0.25,0.0,120.0
711,IL1<IL12<IL10,1.0,3.75,6.25,120.0
712,IL10<IL1<IL12,-0.33333333333333337,120.0,120.0,0.5
713,IL12<IL10<IL1,-0.33333333333333337,0.25,0.0,0.0
714,IL1<IL12<IL10,1.0,2.0,2.5,28.0
715,IL1<IL12<IL10,1.0,0.0,0.25,120.0
716,IL12<IL1<IL10,0.33333333333333337,0.75,0.5,4.5
717,IL1<IL12<IL10,1.0,0.25,0.25,120.0
718,IL1<IL12<IL10,1.0,0.25,0.25,120.0
719,IL1<IL10<IL12,0.33333333333333337,0.0,0.25,0.0
720,IL1<IL12<IL10,1.0,1.25,1.5,6.5
721,IL1<IL10<IL12,0.33333333333333337,0.0,2.25,0.0
722,IL12<IL10<IL1,-0.33333333333333337,120.0,22.75,54.75
723,IL1<IL12<IL10,1.0,0.0,0.25,4.0
724,IL1<IL12<IL10,1.0,0.0,0.25,120.0
725,IL1<IL12<IL10,1.0,0.25,0.25,87.0
726,IL12<IL10<IL1,-0.33333333333333337,120.0,3.0,7.75
727,IL1<IL12<IL10,1.0,0.0,0.0,0.0
728,IL12<IL10<IL1,-0.33333333333333337,10.0,2.75,7.5
729,IL1<IL12<IL10,1.0,0.25,0.5,120.0
730,IL1<IL12<IL10,1.0,120.0,120.0,120.0
731,IL1<IL12<IL10,1.0,0.25,0.5,120.0
732,IL10<IL1<IL12,-0.33333333333333337,0.25,0.25,0.0
733,IL1<IL12<IL10,1.0,0.0,0.0,120.0
734,IL12<IL10<IL1,-0.33333333333333337,120.0,19.5,82.25
735,IL1<IL12<IL10,1.0,120.0,120.0,120.0
736,IL10<IL1<IL12,-0.33333333333333337,0.25,0.25,0.0
737,IL1<IL12<IL10,1.0,0.25,0.25,120.0
738,IL12<IL1<IL10,0.33333333333333337,0.25,0.0,58.25
739,IL10<IL1<IL12,-0.33333333333333337,0.5,0.75,0.0
740,IL1<IL12<IL10,1.0,0.0,0.0,0.0
741,IL1<IL12<IL10,1.0,0.0,0.0,120.0
742,IL1<IL12<IL10,1.0,4.5,31.0,36.25
743,IL12<IL1<IL10,0.33333333333333337,2.75,1.25,11.5
744,IL1<IL12<IL10,1.0,0.0,0.0,27.75
745,IL12<IL1<IL10,0.33333333333333337,120.0,19.25,120.0
746,IL1<IL12<IL10,1.0,0.0,5.25,120.0
747,IL10<IL1<IL12,-0.33333333333333337,2.0,2.5,0.0
748,IL1<IL12<IL10,1.0,0.0,1.5,120.0
749,IL10<IL12<IL1,-1.0,6.25,3.25,0.0
750,IL1<IL12<IL10,1.0,0.75,120.0,120.0
751,IL12<IL1<IL10,0.33333333333333337,0.25,0.0,75.5
752,IL1<IL12<IL10,1.0,0.75,5.75,11.75
753,IL1<IL12<IL10,1.0,0.0,0.0,3.25
754,IL1<IL12<IL10,1.0,1.5,2.25,3.25
755,IL10<IL1<IL12,-0.33333333333333337,120.0,120.0,0.0
756,IL1<IL12<IL10,1.0,0.25,0.5,2.75
757,IL12<IL1<IL10,0.33333333333333337,0.75,0.25,120.0
758,IL1<IL12<IL10,1.0,0.0,0.25,120.0
759,IL10<IL1<IL12,-0.33333333333333337,120.0,120.0,0.25
760,IL1<IL12<IL10,1.0,0.0,120.0,120.0
761,IL10<IL1<IL12,-0.33333333333333337,120.0,120.0,0.5
762,IL1<IL12<IL10,1.0,1.75,2.25,120.0
763,IL10<IL1<IL12,-0.33333333333333337,0.5,0.5,0.0
764,IL1<IL12<IL10,1.0,1.5,3.0,120.0
765,IL12<IL10<IL1,-0.33333333333333337,3.0,1.25,2.5
766,IL1<IL12<IL10,1.0,0.25,1.0,63.0
767,IL12<IL1<IL10,0.33333333333333337,9.0,7.75,120.0
768,IL10<IL12<IL1,-1.0,7.25,3.0,0.0
769,IL1<IL12<IL10,1.0,4.25,15.5,120.0
770,IL12<IL1<IL10,0.33333333333333337,20.25,12.0,120.0
771,IL1<IL12<IL10,1.0,0.0,0.25,120.0
772,IL10<IL12<IL1,-1.0,2.25,1.75,0.0
773,IL1<IL12<IL10,1.0,0.25,0.25,4.0
774,IL1<IL12<IL10,1.0,120.0,120.0,120.0
775,IL1<IL12<IL10,1.0,0.0,0.0,0.5
776,IL1<IL12<IL10,1.0,0.0,0.25,120.0
777,IL10<IL1<IL12,-0.33333333333333337,0.25,0.5,0.0
778,IL10<IL12<IL1,-1.0,120.0,21.0,0.25
779,IL1<IL12<IL10,1.0,0.25,0.5,120.0
780,IL12<IL10<IL1,-0.33333333333333337,5.75,5.0,5.5
781,IL1<IL12<IL10,1.0,0.25,0.25,120.0
782,IL12<IL1<IL10,0.33333333333333337,8.75,5.0,120.0
783,IL10<IL1<IL12,-0.33333333333333337,9.75,16.5,0.0
784,IL1<IL12<IL10,1.0,6.25,6.5,10.25
785,IL1<IL12<IL10,1.0,0.5,1.0,120.0
786,IL12<IL1<IL10,0.33333333333333337,120.0,0.25,120.0
787,IL1<IL12<IL10,1.0,0.25,0.5,1.25
788,IL1<IL12<IL10,1.0,0.0,0.25,120.0
789,IL1<IL12<IL10,1.0,0.25,0.25,4.0
790,IL1<IL12<IL10,1.0,120.0,120.0,120.0
791,IL1<IL10<IL12,0.33333333333333337,0.0,0.5,0.0
792,IL12<IL1<IL10,0.33333333333333337,78.0,0.5,120.0
793,IL1<IL12<IL10,1.0,0.25,0.25,29.0
794,IL12<IL1<IL10,0.33333333333333337,0.25,0.0,0.5
795,IL1<IL12<IL10,1.0,0.0,0.25,120.0
796,IL12<IL1<IL10,0.33333333333333337,2.25,1.25,14.0
797,IL1<IL12<IL10,1.0,0.0,34.25,120.0
798,IL1<IL12<IL10,1.0,1.75,1.75,120.0
799,IL1<IL12<IL10,1.0,0.0,0.25,0.5
800,IL1<IL12<IL10,1.0,0.0,0.25,120.0
801,IL1<IL12<IL10,1.0,3.25,3.75,15.0
802,IL10<IL1<IL12,-0.33333333333333337,5.0,120.0,4.75
803,IL1<IL12<IL10,1.0,0.25,0.25,1.0
804,IL1<IL12<IL10,1.0,0.25,120.0,120.0
805,IL12<IL10<IL1,-0.33333333333333337,0.5,0.0,0.0
806,IL1<IL12<IL10,1.0,0.0,3.75,120.0
807,IL1<IL12<IL10,1.0,2.75,2.75,5.75
808,IL12<IL1<IL10,0.33333333333333337,0.5,0.25,95.25
809,IL12<IL10<IL1,-0.33333333333333337,12.25,8.25,11.25
810,IL1<IL12<IL10,1.0,0.0,1.75,120.0
811,IL12<IL10<IL1,-0.33333333333333337,120.0,0.0,0.0
812,IL1<IL12<IL10,1.0,0.0,0.25,120.0
813,IL1<IL12<IL10,1.0,0.0,0.25,7.25
814,IL1<IL10<IL12,0.33333333333333337,1.0,120.0,3.75
815,IL1<IL12<IL10,1.0,1.0,1.0,120.0
816,IL1<IL12<IL10,1.0,0.5,1.0,61.5
817,IL1<IL12<IL10,1.0,120.0,120.0,120.0
818,IL1<IL12<IL10,1.0,0.25,0.25,15.25
819,IL12<IL1<IL10,0.33333333333333337,3.0,2.25,120.0
820,IL1<IL12<IL10,1.0,0.5,1.0,4.75
821,IL10<IL1<IL12,-0.33333333333333337,1.0,11.5,0.0
822,IL1<IL12<IL10,1.0,0.0,0.0,120.0
823,IL12<IL1<IL10,0.33333333333333337,1.5,1.25,10.75
824,IL1<IL12<IL10,1.0,0.0,0.5,0.5
825,IL12<IL1<IL10,0.33333333333333337,7.75,5.5,120.0
826,IL1<IL12<IL10,1.0,1.0,1.5,120.0
827,IL1<IL12<IL10,1.0,0.25,0.25,4.75
828,IL1<IL12<IL10,1.0,0.25,0.25,1.0
829,IL10<IL1<IL12,-0.33333333333333337,0.25,0.25,0.0
830,IL1<IL12<IL10,1.0,14.5,120.0,120.0
831,IL12<IL1<IL10,0.33333333333333337,2.5,0.25,120.0
832,IL1<IL12<IL10,1.0,0.0,120.0,120.0
833,IL12<IL1<IL10,0.33333333333333337,2.25,1.25,120.0
834,IL10<IL1<IL12,-0.33333333333333337,0.5,0.5,0.0
835,IL12<IL1<IL10,0.33333333333333337,5.75,3.25,14.75
836,IL10<IL1<IL12,-0.33333333333333337,0.25,0.25,0.0
837,IL1<IL12<IL10,1.0,120.0,120.0,120.0
838,IL1<IL12<IL10,1.0,0.0,0.0,120.0
839,IL10<IL1<IL12,-0.33333333333333337,0.25,0.25,0.0
840,IL12<IL1<IL10,0.33333333333333337,1.25,0.0,4.5
841,IL1<IL12<IL10,1.0,120.0,120.0,120.0
842,IL10<IL1<IL12,-0.33333333333333337,5.25,120.0,0.0
843,IL12<IL1<IL10,0.33333333333333337,1.0,0.75,22.0
844,IL1<IL12<IL10,1.0,0.0,0.25,4.0
845,IL1<IL12<IL10,1.0,35.0,120.0,120.0
846,IL1<IL12<IL10,1.0,1.0,1.0,120.0
847,IL12<IL10<IL1,-0.33333333333333337,0.25,0.0,0.0
848,IL1<IL12<IL10,1.0,0.25,0.25,120.0
849,IL1<IL12<IL10,1.0,0.25,0.5,120.0
850,IL1<IL12<IL10,1.0,0.25,0.25,120.0
851,IL12<IL10<IL1,-0.33333333333333337,0.5,0.0,0.0
852,IL1<IL10<IL12,0.33333333333333337,0.0,0.25,0.0
853,IL12<IL1<IL10,0.33333333333333337,3.0,1.0,17.75
854,IL1<IL12<IL10,1.0,0.5,1.25,4.0
855,IL10<IL1<IL12,-0.33333333333333337,0.25,0.25,0.0
856,IL1<IL12<IL10,1.0,0.0,1.0,120.0
857,IL10<IL12<IL1,-1.0,0.5,0.25,0.0
858,IL1<IL12<IL10,1.0,120.0,120.0,120.0
859,IL10<IL12<IL1,-1.0,120.0,9.0,0.25
860,IL1<IL10<IL12,0.33333333333333337,0.0,0.25,0.0
861,IL12<IL1<IL10,0.33333333333333337,0.25,0.0,0.25
862,IL1<IL12<IL10,1.0,1.5,2.25,120.0
863,IL1<IL12<IL10,1.0,0.25,0.25,0.75
864,IL10<IL12<IL1,-1.0,4.0,3.0,2.25
865,IL1<IL12<IL10,1.0,0.0,120.0,120.0
866,IL10<IL1<IL12,-0.33333333333333337,85.75,120.0,0.25
867,IL1<IL12<IL10,1.0,0.0,120.0,120.0
868,IL12<IL10<IL1,-0.33333333333333337,120.0,0.0,7.75
869,IL10<IL1<IL12,-0.33333333333333337,0.25,1.5,0.0
870,IL10<IL1<IL12,-0.33333333333333337,0.5,0.5,0.0
871,IL1<IL12<IL10,1.0,1.0,3.25,4.75
872,IL10<IL1<IL12,-0.33333333333333337,0.25,0.25,0.0
873,IL1<IL12<IL10,1.0,0.0,0.0,120.0
874,IL10<IL1<IL12,-0.33333333333333337,120.0,120.0,0.25
875,IL1<IL10<IL12,0.33333333333333337,1.75,5.5,2.0
876,IL1<IL12<IL10,1.0,2.5,2.5,120.0
877,IL1<IL12<IL10,1.0,0.0,0.0,34.5
878,IL12<IL1<IL10,0.33333333333333337,120.0,3.25,120.0
879,IL10<IL1<IL12,-0.33333333333333337,2.0,7.0,0.0
880,IL1<IL12<IL10,1.0,0.0,0.0,120.0
881,IL1<IL12<IL10,1.0,5.75,9.5,9.75
882,IL1<IL12<IL10,1.0,0.25,0.25,15.5
883,IL10<IL1<IL12,-0.33333333333333337,2.25,10.5,0.0
884,IL12<IL1<IL10,0.33333333333333337,0.25,0.0,0.75
885,IL10<IL1<IL12,-0.33333333333333337,0.5,0.5,0.0
886,IL12<IL1<IL10,0.33333333333333337,17.0,9.5,120.0
887,IL1<IL12<IL10,1.0,0.0,0.25,17.25
888,IL10<IL1<IL12,-0.33333333333333337,120.0,120.0,0.0
889,IL1<IL10<IL12,0.33333333333333337,0.0,120.0,94.25
890,IL12<IL1<IL10,0.33333333333333337,4.25,0.0,5.5
891,IL1<IL12<IL10,1.0,2.0,2.25,3.0
892,IL10<IL1<IL12,-0.33333333333333337,2.5,3.0,0.75
893,IL1<IL12<IL10,1.0,0.0,0.0,20.0
894,IL12<IL1<IL10,0.33333333333333337,5.25,3.75,14.75
895,IL1<IL12<IL10,1.0,1.0,1.0,10.0
896,IL1<IL12<IL10,1.0,0.0,2.75,12.25
897,IL1<IL12<IL10,1.0,0.5,0.75,120.0
898,IL1<IL12<IL10,1.0,0.25,0.25,12.5
899,IL12<IL10<IL1,-0.33333333333333337,120.0,1.5,2.75
900,IL1<IL12<IL10,1.0,1.0,1.25,1.5
901,IL10<IL12<IL1,-1.0,4.25,0.75,0.0
902,IL1<IL12<IL10,1.0,0.0,0.25,0.25
903,IL12<IL10<IL1,-0.33333333333333337,0.5,0.0,0.0
904,IL10<IL1<IL12,-0.33333333333333337,0.75,1.0,0.5
905,IL1<IL12<IL10,1.0,0.5,1.25,45.0
906,IL1<IL12<IL10,1.0,0.75,1.5,2.5
907,IL1<IL12<IL10,1.0,0.25,0.25,120.0
908,IL1<IL12<IL10,1.0,1.5,120.0,120.0
909,IL10<IL12<IL1,-1.0,3.0,1.25,0.0
910,IL1<IL12<IL10,1.0,0.0,0.0,120.0
911,IL1<IL12<IL10,1.0,120.0,120.0,120.0
912,IL10<IL1<IL12,-0.33333333333333337,120.0,120.0,0.0
913,IL12<IL1<IL10,0.33333333333333337,1.5,1.25,120.0
914,IL1<IL12<IL10,1.0,12.5,60.25,120.0
915,IL12<IL10<IL1,-0.33333333333333337,120.0,2.25,23.5
916,IL1<IL12<IL10,1.0,1.0,2.5,7.5
917,IL10<IL1<IL12,-0.33333333333333337,120.0,120.0,1.0
918,IL1<IL12<IL10,1.0,2.0,6.0,22.75
919,IL1<IL12<IL10,1.0,0.25,0.25,120.0
920,IL1<IL12<IL10,1.0,0.75,1.25,35.5
921,IL1<IL12<IL10,1.0,120.0,120.0,120.0
922,IL1<IL12<IL10,1.0,1.75,120.0,120.0
923,IL1<IL12<IL10,1.0,1.0,1.75,120.0
924,IL1<IL12<IL10,1.0,0.0,0.25,0.75
925,IL12<IL10<IL1,-0.33333333333333337,120.0,0.0,56.25
926,IL1<IL12<IL10,1.0,0.0,5.5,120.0
927,IL1<IL12<IL10,1.0,1.0,1.0,12.0
928,IL12<IL1<IL10,0.33333333333333337,0.75,0.25,120.0
929,IL1<IL12<IL10,1.0,0.75,0.75,3.75
930,IL12<IL10<IL1,-0.33333333333333337,4.25,0.0,0.0
931,IL1<IL12<IL10,1.0,0.25,0.25,120.0
932,IL1<IL12<IL10,1.0,0.25,0.25,18.25
933,IL1<IL12<IL10,1.0,0.0,0.0,120.0
934,IL12<IL1<IL10,0.33333333333333337,2.75,1.75,120.0
935,IL10<IL1<IL12,-0.33333333333333337,120.0,120.0,0.5
936,IL10<IL12<IL1,-1.0,6.75,4.5,3.0
937,IL1<IL12<IL10,1.0,0.25,4.0,120.0
938,IL1<IL12<IL10,1.0,1.0,2.25,44.75
939,IL1<IL12<IL10,1.0,0.25,0.25,3.5
940,IL10<IL1<IL12,-0.33333333333333337,0.25,0.75,0.0
941,IL1<IL12<IL10,1.0,0.25,120.0,120.0
942,IL1<IL12<IL10,1.0,120.0,120.0,120.0
943,IL1<IL12<IL10,1.0,0.25,0.25,120.0
944,IL1<IL12<IL10,1.0,25.75,33.25,120.0
945,IL1<IL12<IL10,1.0,0.25,0.25,81.75
946,IL1<IL12<IL10,1.0,0.0,19.25,25.25
947,IL12<IL1<IL10,0.33333333333333337,2.0,1.5,2.75
948,IL10<IL1<IL12,-0.33333333333333337,0.25,0.25,0.0
949,IL1<IL12<IL10,1.0,0.0,0.25,120.0
950,IL1<IL12<IL10,1.0,0.25,0.75,120.0
951,IL1<IL12<IL10,1.0,0.5,120.0,120.0
952,IL1<IL12<IL10,1.0,0.5,0.5,9.25
953,IL1<IL12<IL10,1.0,0.0,1.75,120.0
954,IL10<IL1<IL12,-0.33333333333333337,0.25,0.75,0.0
955,IL1<IL12<IL10,1.0,0.0,0.0,7.25
956,IL10<IL12<IL1,-1.0,71.75,48.0,0.0
957,IL1<IL12<IL10,1.0,0.25,0.25,1.0
958,IL10<IL1<IL12,-0.33333333333333337,120.0,120.0,0.0
959,IL1<IL10<IL12,0.33333333333333337,0.0,0.25,0.0
960,IL1<IL12<IL10,1.0,0.25,0.25,120.0
961,IL1<IL12<IL10,1.0,0.0,0.0,120.0
962,IL1<IL12<IL10,1.0,0.25,0.25,120.0
963,IL10<IL1<IL12,-0.33333333333333337,0.25,0.25,0.0
964,IL10<IL12<IL1,-1.0,3.0,2.5,1.25
965,IL10<IL1<IL12,-0.33333333333333337,120.0,120.0,0.0
967,IL1<IL10<IL12,0.33333333333333337,0.0,2.0,0.5
968,IL12<IL1<IL10,0.33333333333333337,0.5,0.25,120.0
969,IL1<IL12<IL10,1.0,19.75,30.5,120.0
970,IL1<IL12<IL10,1.0,0.5,0.5,7.5
971,IL1<IL12<IL10,1.0,0.25,6.75,65.5
972,IL1<IL12<IL10,1.0,0.5,2.0,5.5
973,IL10<IL1<IL12,-0.33333333333333337,0.25,0.25,0.0
974,IL1<IL12<IL10,1.0,0.5,0.5,120.0
975,IL12<IL1<IL10,0.33333333333333337,1.75,1.25,6.0
976,IL10<IL1<IL12,-0.33333333333333337,120.0,120.0,0.0
977,IL1<IL12<IL10,1.0,11.5,120.0,120.0
978,IL1<IL12<IL10,1.0,0.0,0.5,120.0
979,IL10<IL1<IL12,-0.33333333333333337,0.75,1.75,0.0
980,IL10<IL1<IL12,-0.33333333333333337,0.75,2.25,0.25
981,IL1<IL12<IL10,1.0,120.0,120.0,120.0
982,IL1<IL12<IL10,1.0,0.75,3.0,120.0
983,IL12<IL1<IL10,0.33333333333333337,0.5,0.25,120.0
984,IL12<IL1<IL10,0.33333333333333337,0.25,0.0,120.0
985,IL1<IL12<IL10,1.0,0.25,0.25,20.25
986,IL10<IL1<IL12,-0.33333333333333337,120.0,120.0,0.0
987,IL1<IL12<IL10,1.0,0.0,0.5,120.0
988,IL1<IL12<IL10,1.0,1.25,1.25,6.25
989,IL10<IL1<IL12,-0.33333333333333337,0.25,0.25,0.0
990,IL10<IL12<IL1,-1.0,69.5,17.75,4.5
991,IL1<IL12<IL10,1.0,0.25,0.5,48.25
992,IL12<IL1<IL10,0.33333333333333337,0.75,0.0,120.0
993,IL1<IL12<IL10,1.0,120.0,120.0,120.0
994,IL1<IL10<IL12,0.33333333333333337,0.0,120.0,0.0
995,IL1<IL12<IL10,1.0,0.0,0.0,0.25
996,IL1<IL12<IL10,1.0,1.25,1.25,2.5
997,IL1<IL12<IL10,1.0,120.0,120.0,120.0
998,IL10<IL1<IL12,-0.33333333333333337,0.25,0.25,0.0
999,IL12<IL1<IL10,0.33333333333333337,0.25,0.0,86.0
1000,IL1<IL12<IL10,1.0,0.5,0.5,120.0
1001,IL1<IL12<IL10,1.0,0.0,0.25,120.0
1002,IL1<IL12<IL10,1.0,0.25,0.5,120.0
1003,IL12<IL10<IL1,-0.33333333333333337,120.0,0.25,0.25
1004,IL10<IL1<IL12,-0.33333333333333337,0.25,1.5,0.0
1005,IL10<IL1<IL12,-0.33333333333333337,120.0,120.0,1.25
1006,IL1<IL12<IL10,1.0,0.25,0.25,77.0
1007,IL12<IL1<IL10,0.33333333333333337,2.25,1.5,2.5
1008,IL1<IL12<IL10,1.0,0.0,0.25,120.0
1009,IL10<IL1<IL12,-0.33333333333333337,120.0,120.0,0.0
1010,IL10<IL1<IL12,-0.33333333333333337,0.25,0.5,0.0
1011,IL1<IL12<IL10,1.0,0.25,0.25,120.0
1012,IL1<IL12<IL10,1.0,4.0,6.25,10.5
1013,IL1<IL12<IL10,1.0,0.25,0.25,1.5
1014,IL1<IL10<IL12,0.33333333333333337,0.25,120.0,114.25
1015,IL1<IL12<IL10,1.0,0.0,0.0,28.25
1016,IL1<IL10<IL12,0.33333333333333337,0.25,0.5,0.25
1017,IL12<IL1<IL10,0.33333333333333337,0.75,0.25,120.0
1018,IL10<IL1<IL12,-0.33333333333333337,10.0,18.5,0.0
1019,IL12<IL1<IL10,0.33333333333333337,0.25,0.0,4.75
1020,IL1<IL12<IL10,1.0,2.5,7.0,120.0
1021,IL12<IL1<IL10,0.33333333333333337,1.5,1.0,3.25
1022,IL1<IL12<IL10,1.0,0.0,0.0,9.75
1023,IL10<IL12<IL1,-1.0,3.75,0.5,0.0
1024,IL12<IL1<IL10,0.33333333333333337,0.75,0.25,1.25
1025,IL1<IL12<IL10,1.0,51.75,64.0,72.25
1026,IL1<IL12<IL10,1.0,0.0,0.25,24.75
1027,IL10<IL1<IL12,-0.33333333333333337,0.25,0.25,0.0
1028,IL12<IL1<IL10,0.33333333333333337,1.25,0.25,2.75
1029,IL1<IL12<IL10,1.0,0.0,0.25,120.0
1030,IL12<IL1<IL10,0.33333333333333337,19.5,0.5,120.0
1031,IL1<IL12<IL10,1.0,0.0,0.25,63.25
1032,IL1<IL12<IL10,1.0,0.25,0.5,51.0
1033,IL1<IL12<IL10,1.0,8.5,12.0,120.0
1034,IL12<IL1<IL10,0.33333333333333337,5.25,3.5,120.0
1035,IL1<IL12<IL10,1.0,0.0,0.0,0.0
1036,IL1<IL12<IL10,1.0,0.0,0.0,120.0
1037,IL10<IL1<IL12,-0.33333333333333337,0.25,0.5,0.0
1038,IL10<IL1<IL12,-0.33333333333333337,0.25,0.25,0.0
1039,IL1<IL12<IL10,1.0,0.25,0.25,120.0
1040,IL10<IL1<IL12,-0.33333333333333337,0.5,0.5,0.0
1041,IL1<IL12<IL10,1.0,7.25,120.0,120.0
1042,IL1<IL12<IL10,1.0,0.0,0.0,120.0
1043,IL1<IL12<IL10,1.0,0.25,0.25,120.0
1044,IL12<IL10<IL1,-0.33333333333333337,4.0,1.75,1.75
1045,IL1<IL12<IL10,1.0,0.25,0.25,111.0
1046,IL12<IL1<IL10,0.33333333333333337,0.5,0.0,120.0
1047,IL1<IL12<IL10,1.0,0.25,0.5,23.5
1048,IL10<IL1<IL12,-0.33333333333333337,0.25,0.25,0.0
1049,IL1<IL12<IL10,1.0,0.0,17.25,120.0
1050,IL1<IL12<IL10,1.0,0.25,0.25,120.0
1051,IL1<IL12<IL10,1.0,0.75,120.0,120.0
1052,IL1<IL12<IL10,1.0,0.25,0.25,120.0
1053,IL10<IL1<IL12,-0.33333333333333337,0.25,1.0,0.0
1054,IL12<IL1<IL10,0.33333333333333337,1.25,0.0,117.25
1055,IL1<IL12<IL10,1.0,0.5,3.75,120.0
1056,IL1<IL12<IL10,1.0,0.0,0.25,6.25
1057,IL10<IL12<IL1,-1.0,120.0,0.25,0.0
1058,IL10<IL1<IL12,-0.33333333333333337,1.25,8.25,0.0
1059,IL10<IL1<IL12,-0.33333333333333337,0.75,1.0,0.0
1060,IL1<IL12<IL10,1.0,0.25,0.25,87.5
1061,IL1<IL12<IL10,1.0,120.0,120.0,120.0
1062,IL1<IL12<IL10,1.0,0.25,0.5,53.75
1063,IL1<IL12<IL10,1.0,0.0,0.25,120.0
1064,IL1<IL12<IL10,1.0,0.25,0.5,120.0
1065,IL1<IL12<IL10,1.0,0.0,0.0,5.25
1066,IL1<IL12<IL10,1.0,0.25,0.25,7.75
1067,IL12<IL10<IL1,-0.33333333333333337,120.0,0.25,0.25
1068,IL10<IL1<IL12,-0.33333333333333337,0.25,0.5,0.0
1069,IL1<IL12<IL10,1.0,0.25,0.25,68.5
1070,IL1<IL12<IL10,1.0,0.0,0.0,120.0
1071,IL12<IL10<IL1,-0.33333333333333337,120.0,1.5,1.5
1072,IL1<IL12<IL10,1.0,120.0,120.0,120.0
1073,IL12<IL1<IL10,0.33333333333333337,2.25,0.25,120.0
1074,IL1<IL12<IL10,1.0,4.75,19.75,120.0
1075,IL1<IL12<IL10,1.0,0.0,0.25,7.25
1076,IL1<IL12<IL10,1.0,0.25,0.25,120.0
1077,IL10<IL1<IL12,-0.33333333333333337,120.0,120.0,3.5
1078,IL1<IL12<IL10,1.0,120.0,120.0,120.0
1079,IL1<IL12<IL10,1.0,0.0,0.0,120.0
1080,IL1<IL12<IL10,1.0,0.25,0.25,120.0
1081,IL1<IL12<IL10,1.0,0.25,0.5,61.0
1082,IL10<IL1<IL12,-0.33333333333333337,0.25,0.25,0.0
1083,IL12<IL1<IL10,0.33333333333333337,0.5,0.25,120.0
1084,IL1<IL12<IL10,1.0,0.0,0.0,0.0
1085,IL12<IL1<IL10,0.33333333333333337,0.25,0.0,120.0
1086,IL1<IL12<IL10,1.0,0.0,0.75,120.0
1087,IL10<IL12<IL1,-1.0,120.0,2.0,0.25
1088,IL12<IL1<IL10,0.33333333333333337,0.25,0.0,120.0
1089,IL1<IL12<IL10,1.0,120.0,120.0,120.0
1090,IL10<IL1<IL12,-0.33333333333333337,120.0,120.0,4.25
1091,IL10<IL12<IL1,-1.0,5.5,3.5,0.0
1092,IL1<IL12<IL10,1.0,0.0,0.25,0.5
1093,IL12<IL1<IL10,0.33333333333333337,9.25,5.0,120.0
1094,IL12<IL1<IL10,0.33333333333333337,0.75,0.5,120.0
1095,IL10<IL1<IL12,-0.33333333333333337,120.0,120.0,0.25
1096,IL12<IL1<IL10,0.33333333333333337,0.75,0.5,108.25
1097,IL12<IL1<IL10,0.33333333333333337,23.0,21.75,120.0
1098,IL1<IL12<IL10,1.0,1.0,3.25,120.0
1099,IL10<IL1<IL12,-0.33333333333333337,120.0,120.0,0.75
1100,IL1<IL12<IL10,1.0,0.75,0.75,120.0
1101,IL10<IL12<IL1,-1.0,7.0,6.25,0.0
1102,IL1<IL12<IL10,1.0,120.0,120.0,120.0
1103,IL12<IL1<IL10,0.33333333333333337,1.75,1.25,3.5
1104,IL1<IL12<IL10,1.0,0.0,0.25,120.0
1105,IL1<IL12<IL10,1.0,0.25,0.25,6.0
1106,IL1<IL12<IL10,1.0,0.5,0.5,72.25
1107,IL10<IL1<IL12,-0.33333333333333337,0.25,0.25,0.0
1108,IL10<IL1<IL12,-0.33333333333333337,1.0,2.25,0.75
1109,IL1<IL12<IL10,1.0,0.0,1.0,80.25
1110,IL12<IL1<IL10,0.33333333333333337,13.0,9.75,120.0
1111,IL1<IL12<IL10,1.0,0.0,0.0,120.0
1112,IL1<IL12<IL10,1.0,0.25,0.25,12.0
1113,IL12<IL1<IL10,0.33333333333333337,12.75,8.25,120.0
1114,IL1<IL12<IL10,1.0,0.0,0.25,120.0
1115,IL1<IL12<IL10,1.0,0.5,0.5,30.0
1116,IL1<IL12<IL10,1.0,0.0,0.25,2.75
1117,IL1<IL12<IL10,1.0,0.25,0.25,120.0
1118,IL1<IL12<IL10,1.0,0.0,0.75,120.0
1119,IL12<IL1<IL10,0.33333333333333337,5.5,2.25,120.0
1120,IL1<IL12<IL10,1.0,120.0,120.0,120.0
1121,IL1<IL12<IL10,1.0,0.5,0.5,120.0
1122,IL1<IL12<IL10,1.0,15.75,19.25,120.0
1123,IL1<IL12<IL10,1.0,0.25,0.25,79.25
1124,IL1<IL12<IL10,1.0,1.75,2.25,9.25
1125,IL1<IL10<IL12,0.33333333333333337,0.0,120.0,11.25
1126,IL1<IL12<IL10,1.0,0.5,0.5,120.0
1127,IL1<IL12<IL10,1.0,3.5,36.0,120.0
1128,IL1<IL12<IL10,1.0,120.0,120.0,120.0
1129,IL12<IL1<IL10,0.33333333333333337,1.25,0.0,101.5
1130,IL12<IL1<IL10,0.33333333333333337,1.75,0.75,4.0
1131,IL1<IL12<IL10,1.0,4.0,7.25,120.0
1132,IL12<IL1<IL10,0.33333333333333337,120.0,0.75,120.0
1133,IL1<IL12<IL10,1.0,0.25,0.25,4.25
1134,IL1<IL12<IL10,1.0,0.0,0.0,120.0
1135,IL10<IL1<IL12,-0.33333333333333337,5.25,9.5,0.0
1136,IL1<IL12<IL10,1.0,0.25,1.5,15.5
1137,IL1<IL12<IL10,1.0,1.5,11.0,120.0
1138,IL10<IL12<IL1,-1.0,5.25,2.5,0.0
1139,IL1<IL12<IL10,1.0,0.25,0.25,2.0
1140,IL1<IL12<IL10,1.0,0.25,5.0,120.0
1141,IL1<IL12<IL10,1.0,0.0,0.0,1.0
1142,IL10<IL1<IL12,-0.33333333333333337,120.0,120.0,2.5
1143,IL12<IL1<IL10,0.33333333333333337,1.5,1.0,4.0
1144,IL12<IL1<IL10,0.33333333333333337,0.5,0.25,120.0
1145,IL1<IL12<IL10,1.0,0.0,12.5,120.0
1146,IL1<IL12<IL10,1.0,120.0,120.0,120.0
1147,IL1<IL10<IL12,0.33333333333333337,0.25,3.0,0.25
1148,IL10<IL1<IL12,-0.33333333333333337,120.0,120.0,0.0
1149,IL1<IL10<IL12,0.33333333333333337,2.5,5.75,3.25
1150,IL12<IL1<IL10,0.33333333333333337,6.0,4.25,120.0
1151,IL1<IL10<IL12,0.33333333333333337,0.0,0.25,0.0
1152,IL10<IL1<IL12,-0.33333333333333337,0.25,0.25,0.0
1153,IL12<IL1<IL10,0.33333333333333337,1.0,0.25,120.0
1154,IL1<IL12<IL10,1.0,0.25,0.5,5.75
1155,IL1<IL12<IL10,1.0,0.25,0.25,120.0
1156,IL1<IL10<IL12,0.33333333333333337,0.0,0.5,0.0
1157,IL1<IL12<IL10,1.0,0.25,0.25,120.0
1158,IL1<IL12<IL10,1.0,3.0,14.5,120.0
1159,IL10<IL1<IL12,-0.33333333333333337,0.25,0.25,0.0
1160,IL1<IL12<IL10,1.0,0.0,0.0,120.0
1161,IL10<IL1<IL12,-0.33333333333333337,3.0,4.75,0.0
1162,IL12<IL1<IL10,0.33333333333333337,4.75,2.75,120.0
1163,IL12<IL1<IL10,0.33333333333333337,0.25,0.0,3.25
1164,IL12<IL1<IL10,0.33333333333333337,0.25,0.0,3.25
1165,IL1<IL12<IL10,1.0,0.0,0.25,9.5
1166,IL12<IL1<IL10,0.33333333333333337,0.5,0.25,114.5
1167,IL12<IL1<IL10,0.33333333333333337,4.5,1.0,120.0
1168,IL1<IL12<IL10,1.0,1.5,2.75,120.0
1169,IL12<IL1<IL10,0.33333333333333337,0.5,0.0,120.0
1170,IL1<IL10<IL12,0.33333333333333337,0.75,3.25,1.5
1171,IL1<IL12<IL10,1.0,7.75,8.5,14.25
1172,IL1<IL12<IL10,1.0,4.0,6.5,14.0
1173,IL10<IL12<IL1,-1.0,3.5,3.0,2.5
1174,IL1<IL12<IL10,1.0,0.0,0.25,120.0
1175,IL10<IL1<IL12,-0.33333333333333337,6.75,8.25,0.75
1176,IL1<IL12<IL10,1.0,0.25,0.25,23.25
1177,IL1<IL12<IL10,1.0,0.25,2.25,120.0
1178,IL1<IL12<IL10,1.0,6.25,15.25,120.0
1179,IL1<IL12<IL10,1.0,120.0,120.0,120.0
1180,IL1<IL12<IL10,1.0,0.25,0.75,120.0
1181,IL1<IL12<IL10,1.0,120.0,120.0,120.0
1182,IL1<IL12<IL10,1.0,2.75,120.0,120.0
1183,IL12<IL1<IL10,0.33333333333333337,0.25,0.0,120.0
1184,IL1<IL12<IL10,1.0,120.0,120.0,120.0
1185,IL1<IL12<IL10,1.0,0.0,0.25,120.0
1186,IL12<IL1<IL10,0.33333333333333337,0.5,0.25,120.0
1187,IL1<IL12<IL10,1.0,0.0,0.25,12.5
1188,IL12<IL1<IL10,0.33333333333333337,2.25,1.25,120.0
1189,IL10<IL1<IL12,-0.33333333333333337,0.25,0.25,0.0
1190,IL12<IL1<IL10,0.33333333333333337,1.25,0.25,67.0
1191,IL1<IL12<IL10,1.0,0.25,0.25,120.0
1192,IL1<IL10<IL12,0.33333333333333337,0.0,1.0,0.25
1193,IL1<IL12<IL10,1.0,0.0,1.25,120.0
1194,IL1<IL12<IL10,1.0,120.0,120.0,120.0
1195,IL10<IL12<IL1,-1.0,1.0,0.75,0.0
1196,IL12<IL1<IL10,0.33333333333333337,2.0,1.5,3.0
1197,IL1<IL12<IL10,1.0,0.75,16.5,120.0
1198,IL1<IL12<IL10,1.0,0.25,0.25,120.0
1199,IL1<IL12<IL10,1.0,0.0,0.25,2.75
1200,IL12<IL1<IL10,0.33333333333333337,0.75,0.25,4.75
1201,IL12<IL1<IL10,0.33333333333333337,1.0,0.5,120.0
1202,IL1<IL12<IL10,1.0,0.5,8.0,120.0
1203,IL1<IL12<IL10,1.0,0.0,0.25,27.75
1204,IL1<IL12<IL10,1.0,0.0,0.0,120.0
1205,IL10<IL1<IL12,-0.33333333333333337,120.0,120.0,0.0
1206,IL1<IL12<IL10,1.0,0.25,0.25,120.0
1207,IL1<IL12<IL10,1.0,0.25,0.25,120.0
1208,IL10<IL1<IL12,-0.33333333333333337,3.25,120.0,0.0
1209,IL1<IL12<IL10,1.0,0.5,1.0,61.5
1210,IL12<IL1<IL10,0.33333333333333337,1.0,0.75,25.75
1211,IL10<IL1<IL12,-0.33333333333333337,0.25,0.25,0.0
1212,IL10<IL12<IL1,-1.0,120.0,2.0,0.5
1213,IL1<IL12<IL10,1.0,0.0,1.75,96.0
1214,IL1<IL12<IL10,1.0,0.25,0.25,120.0
1215,IL1<IL12<IL10,1.0,0.0,0.25,112.25
1216,IL12<IL1<IL10,0.33333333333333337,0.75,0.5,120.0
1217,IL1<IL12<IL10,1.0,3.75,120.0,120.0
1218,IL12<IL1<IL10,0.33333333333333337,0.5,0.25,120.0
1219,IL1<IL12<IL10,1.0,2.0,3.25,120.0
1220,IL1<IL12<IL10,1.0,0.0,0.0,0.0
1221,IL1<IL12<IL10,1.0,0.0,0.5,82.25
1222,IL12<IL1<IL10,0.33333333333333337,2.25,1.0,120.0
1223,IL1<IL12<IL10,1.0,1.0,1.5,3.25
1224,IL12<IL1<IL10,0.33333333333333337,3.0,1.75,15.75
1225,IL1<IL12<IL10,1.0,3.0,7.25,18.5
1226,IL1<IL10<IL12,0.33333333333333337,0.0,2.0,0.0
1227,IL1<IL12<IL10,1.0,1.5,1.75,4.25
1228,IL10<IL12<IL1,-1.0,0.5,0.25,0.0
1229,IL1<IL12<IL10,1.0,0.0,1.25,31.0
1230,IL1<IL10<IL12,0.33333333333333337,3.75,120.0,6.25
1231,IL1<IL12<IL10,1.0,0.25,0.25,120.0
1232,IL12<IL1<IL10,0.33333333333333337,0.25,0.0,120.0
1233,IL10<IL1<IL12,-0.33333333333333337,120.0,120.0,12.25
1234,IL1<IL12<IL10,1.0,120.0,120.0,120.0
1235,IL1<IL12<IL10,1.0,0.25,0.25,0.5
1236,IL1<IL12<IL10,1.0,0.0,0.0,0.0
1237,IL1<IL12<IL10,1.0,0.25,0.75,120.0
1238,IL1<IL12<IL10,1.0,120.0,120.0,120.0
1239,IL10<IL12<IL1,-1.0,0.5,0.25,0.0
1240,IL12<IL1<IL10,0.33333333333333337,1.5,0.25,36.0
1241,IL1<IL12<IL10,1.0,0.0,0.25,120.0
1242,IL1<IL12<IL10,1.0,25.0,26.75,120.0
1243,IL1<IL12<IL10,1.0,0.25,0.25,13.75
1244,IL12<IL10<IL1,-0.33333333333333337,13.25,10.5,10.5
1245,IL1<IL12<IL10,1.0,120.0,120.0,120.0
1246,IL12<IL1<IL10,0.33333333333333337,2.25,0.75,19.25
1247,IL1<IL12<IL10,1.0,0.0,1.0,120.0
1248,IL1<IL10<IL12,0.33333333333333337,0.0,0.25,0.0
1249,IL12<IL1<IL10,0.33333333333333337,2.0,1.5,120.0
1250,IL1<IL12<IL10,1.0,1.0,120.0,120.0
1251,IL12<IL1<IL10,0.33333333333333337,0.5,0.25,120.0
1252,IL1<IL12<IL10,1.0,0.0,0.5,120.0
1253,IL10<IL1<IL12,-0.33333333333333337,26.75,120.0,0.0
1254,IL1<IL12<IL10,1.0,120.0,120.0,120.0
1255,IL12<IL1<IL10,0.33333333333333337,0.5,0.25,120.0
1256,IL1<IL12<IL10,1.0,0.0,0.0,0.0
1257,IL1<IL12<IL10,1.0,120.0,120.0,120.0
1258,IL1<IL12<IL10,1.0,120.0,120.0,120.0
1259,IL1<IL12<IL10,1.0,0.75,1.5,120.0
1260,IL1<IL12<IL10,1.0,0.25,0.25,0.5
1261,IL12<IL1<IL10,0.33333333333333337,120.0,6.25,120.0
1262,IL1<IL10<IL12,0.33333333333333337,0.0,0.25,0.0
1263,IL1<IL10<IL12,0.33333333333333337,0.0,17.0,0.0
1264,IL1<IL12<IL10,1.0,1.0,3.0,5.75
1265,IL12<IL1<IL10,0.33333333333333337,3.75,0.5,120.0
1266,IL12<IL1<IL10,0.33333333333333337,0.25,0.0,120.0
1267,IL1<IL12<IL10,1.0,1.25,1.75,17.75
1268,IL1<IL12<IL10,1.0,0.0,2.75,120.0
1269,IL1<IL12<IL10,1.0,43.75,120.0,120.0
1270,IL12<IL1<IL10,0.33333333333333337,2.75,2.0,120.0
1271,IL1<IL12<IL10,1.0,0.5,0.5,13.0
1272,IL1<IL12<IL10,1.0,0.0,6.0,120.0
1273,IL12<IL1<IL10,0.33333333333333337,7.25,4.0,16.5
1274,IL1<IL12<IL10,1.0,0.0,0.5,12.75
1275,IL1<IL12<IL10,1.0,0.25,0.25,120.0
1276,IL1<IL12<IL10,1.0,0.0,0.25,0.75
1277,IL10<IL1<IL12,-0.33333333333333337,120.0,120.0,0.0
1278,IL1<IL12<IL10,1.0,0.25,0.25,120.0
1279,IL12<IL10<IL1,-0.33333333333333337,8.75,4.75,6.25
1280,IL1<IL12<IL10,1.0,1.75,1.75,2.75
1281,IL1<IL12<IL10,1.0,8.0,120.0,120.0
1282,IL10<IL1<IL12,-0.33333333333333337,0.25,0.25,0.0
1283,IL1<IL12<IL10,1.0,9.5,12.75,120.0
1284,IL1<IL12<IL10,1.0,0.0,0.0,0.0
1285,IL1<IL12<IL10,1.0,0.25,1.0,120.0
1286,IL12<IL1<IL10,0.33333333333333337,32.0,25.25,120.0
1287,IL12<IL1<IL10,0.33333333333333337,1.0,0.75,6.5
1288,IL1<IL12<IL10,1.0,120.0,120.0,120.0
1289,IL1<IL12<IL10,1.0,9.5,120.0,120.0
1290,IL12<IL1<IL10,0.33333333333333337,1.5,1.0,5.25
1291,IL1<IL12<IL10,1.0,2.25,6.5,10.0
1292,IL10<IL12<IL1,-1.0,0.5,0.25,0.0
1293,IL1<IL12<IL10,1.0,0.0,120.0,120.0
1294,IL1<IL12<IL10,1.0,0.25,0.25,19.5
1295,IL1<IL10<IL12,0.33333333333333337,0.0,0.25,0.0
1296,IL12<IL1<IL10,0.33333333333333337,25.75,0.75,120.0
1297,IL1<IL10<IL12,0.33333333333333337,2.5,120.0,6.0
1298,IL10<IL12<IL1,-1.0,3.25,3.0,0.0
1299,IL1<IL12<IL10,1.0,0.0,0.0,120.0
1300,IL12<IL1<IL10,0.33333333333333337,0.5,0.25,5.25
1301,IL1<IL12<IL10,1.0,0.0,0.25,120.0
1302,IL1<IL12<IL10,1.0,1.5,2.5,26.5
1303,IL1<IL12<IL10,1.0,0.25,0.25,84.5
1304,IL10<IL1<IL12,-0.33333333333333337,0.25,0.25,0.0
1305,IL1<IL12<IL10,1.0,0.0,0.0,120.0
1306,IL1<IL12<IL10,1.0,0.0,0.25,120.0
1307,IL1<IL12<IL10,1.0,0.25,0.5,3.75
1308,IL1<IL12<IL10,1.0,0.25,0.25,0.25
1309,IL1<IL12<IL10,1.0,0.75,0.75,42.75
1310,IL1<IL12<IL10,1.0,0.0,0.0,120.0
1311,IL1<IL12<IL10,1.0,0.0,0.25,58.25
1312,IL10<IL1<IL12,-0.33333333333333337,2.0,120.0,0.0
1313,IL1<IL12<IL10,1.0,1.25,1.5,120.0
1314,IL1<IL12<IL10,1.0,0.25,0.25,120.0
1315,IL10<IL1<IL12,-0.33333333333333337,0.5,0.5,0.25
1316,IL1<IL12<IL10,1.0,0.0,0.0,120.0
1317,IL1<IL12<IL10,1.0,0.0,0.25,79.75
1318,IL1<IL12<IL10,1.0,0.25,0.25,13.5
1319,IL10<IL12<IL1,-1.0,6.25,3.0,2.25
1320,IL1<IL12<IL10,1.0,0.0,0.75,120.0
1321,IL12<IL1<IL10,0.33333333333333337,2.5,1.5,61.25
1322,IL1<IL12<IL10,1.0,0.25,11.75,31.0
1323,IL10<IL1<IL12,-0.33333333333333337,0.25,0.25,0.0
1324,IL12<IL1<IL10,0.33333333333333337,0.25,0.0,10.0
1325,IL12<IL1<IL10,0.33333333333333337,9.25,5.75,120.0
1326,IL1<IL10<IL12,0.33333333333333337,0.0,0.25,0.0
1327,IL1<IL12<IL10,1.0,120.0,120.0,120.0
1328,IL1<IL10<IL12,0.33333333333333337,0.0,6.75,0.0
1329,IL1<IL12<IL10,1.0,0.25,0.25,86.0
1330,IL1<IL12<IL10,1.0,77.25,106.25,120.0
1331,IL10<IL1<IL12,-0.33333333333333337,120.0,120.0,0.25
1332,IL1<IL12<IL10,1.0,0.5,1.5,120.0
1333,IL10<IL1<IL12,-0.33333333333333337,120.0,120.0,2.0
1334,IL1<IL12<IL10,1.0,0.0,0.0,86.25
1335,IL1<IL12<IL10,1.0,0.25,0.25,0.25
1336,IL1<IL12<IL10,1.0,0.25,0.25,120.0
1337,IL12<IL10<IL1,-0.33333333333333337,120.0,0.5,18.25
1338,IL1<IL10<IL12,0.33333333333333337,0.0,120.0,0.0
1339,IL1<IL12<IL10,1.0,0.0,1.0,120.0
1340,IL12<IL1<IL10,0.33333333333333337,2.25,1.75,4.25
1341,IL12<IL1<IL10,0.33333333333333337,120.0,64.25,120.0
1342,IL1<IL12<IL10,1.0,0.75,2.75,4.5
1343,IL1<IL12<IL10,1.0,0.0,0.5,10.5
1344,IL1<IL12<IL10,1.0,0.25,0.25,44.25
1345,IL10<IL1<IL12,-0.33333333333333337,120.0,120.0,0.0
1346,IL1<IL12<IL10,1.0,0.0,120.0,120.0
1347,IL1<IL12<IL10,1.0,2.25,3.0,120.0
1348,IL1<IL12<IL10,1.0,8.25,120.0,120.0
1349,IL12<IL1<IL10,0.33333333333333337,120.0,9.25,120.0
1350,IL1<IL12<IL10,1.0,0.25,7.25,120.0
1351,IL1<IL12<IL10,1.0,0.5,0.5,11.25
1352,IL1<IL12<IL10,1.0,0.0,0.0,0.0
1353,IL12<IL1<IL10,0.33333333333333337,1.0,0.25,5.75
1354,IL1<IL12<IL10,1.0,0.0,0.75,120.0
1355,IL1<IL12<IL10,1.0,0.25,0.25,0.5
1356,IL1<IL12<IL10,1.0,0.0,0.25,120.0
1357,IL12<IL1<IL10,0.33333333333333337,120.0,18.5,120.0
1358,IL1<IL10<IL12,0.33333333333333337,0.25,120.0,31.0
1359,IL10<IL1<IL12,-0.33333333333333337,10.25,10.25,0.0
1360,IL1<IL12<IL10,1.0,0.75,2.75,120.0
1361,IL12<IL10<IL1,-0.33333333333333337,120.0,0.0,0.0
1362,IL1<IL12<IL10,1.0,0.0,0.75,1.75
1363,IL1<IL12<IL10,1.0,0.25,0.5,8.0
1364,IL1<IL12<IL10,1.0,3.75,5.75,11.25
1365,IL1<IL12<IL10,1.0,0.25,0.25,120.0
1366,IL1<IL12<IL10,1.0,5.25,120.0,120.0
1367,IL1<IL12<IL10,1.0,0.25,0.25,7.75
1368,IL1<IL12<IL10,1.0,0.0,0.25,99.0
1369,IL1<IL12<IL10,1.0,1.0,1.0,120.0
1370,IL1<IL12<IL10,1.0,0.0,0.25,120.0
1371,IL12<IL1<IL10,0.33333333333333337,0.5,0.25,120.0
1372,IL10<IL1<IL12,-0.33333333333333337,0.25,0.25,0.0
1373,IL1<IL12<IL10,1.0,0.75,1.5,120.0
1374,IL10<IL1<IL12,-0.33333333333333337,120.0,120.0,0.75
1375,IL10<IL1<IL12,-0.33333333333333337,0.25,0.25,0.0
1376,IL10<IL1<IL12,-0.33333333333333337,0.25,0.25,0.0
1377,IL1<IL12<IL10,1.0,0.0,0.25,120.0
1378,IL1<IL12<IL10,1.0,0.25,120.0,120.0
1379,IL1<IL10<IL12,0.33333333333333337,0.0,2.0,1.25
1380,IL1<IL12<IL10,1.0,0.25,0.25,120.0
1381,IL1<IL12<IL10,1.0,0.25,0.25,77.0
1382,IL12<IL1<IL10,0.33333333333333337,0.5,0.0,5.75
1383,IL10<IL1<IL12,-0.33333333333333337,1.25,1.75,0.25
1384,IL1<IL12<IL10,1.0,0.25,0.25,120.0
1385,IL1<IL12<IL10,1.0,0.0,0.25,12.5
1386,IL10<IL12<IL1,-1.0,0.75,0.25,0.0
1387,IL1<IL12<IL10,1.0,0.75,0.75,1.25
1388,IL12<IL1<IL10,0.33333333333333337,2.75,1.0,120.0
1389,IL1<IL10<IL12,0.33333333333333337,0.0,0.5,0.0
1390,IL12<IL1<IL10,0.33333333333333337,0.75,0.5,120.0
1391,IL1<IL12<IL10,1.0,4.5,5.25,7.75
1392,IL10<IL12<IL1,-1.0,7.0,1.5,0.0
1393,IL1<IL12<IL10,1.0,9.0,120.0,120.0
1394,IL1<IL12<IL10,1.0,9.75,24.25,120.0
1395,IL1<IL10<IL12,0.33333333333333337,0.0,0.25,0.0
1396,IL1<IL12<IL10,1.0,0.25,0.25,0.25
1397,IL1<IL12<IL10,1.0,0.25,0.25,1.5
1398,IL1<IL12<IL10,1.0,120.0,120.0,120.0
1399,IL1<IL12<IL10,1.0,0.0,0.25,120.0
1400,IL10<IL12<IL1,-1.0,120.0,0.25,0.0
1401,IL10<IL1<IL12,-0.33333333333333337,120.0,120.0,0.5
1402,IL12<IL1<IL10,0.33333333333333337,0.25,0.0,120.0
1403,IL1<IL12<IL10,1.0,0.25,0.5,120.0
1404,IL1<IL12<IL10,1.0,0.25,0.25,3.5
1405,IL1<IL12<IL10,1.0,0.0,0.0,0.0
1406,IL1<IL12<IL10,1.0,0.0,0.25,120.0
1407,IL1<IL12<IL10,1.0,0.75,120.0,120.0
1408,IL1<IL12<IL10,1.0,0.0,2.25,120.0
1409,IL12<IL1<IL10,0.33333333333333337,0.75,0.25,99.25
1410,IL10<IL1<IL12,-0.33333333333333337,0.25,0.25,0.0
1411,IL12<IL10<IL1,-0.33333333333333337,3.0,2.0,2.5
1412,IL1<IL12<IL10,1.0,1.25,4.0,5.0
1413,IL1<IL12<IL10,1.0,0.25,2.5,120.0
1414,IL12<IL1<IL10,0.33333333333333337,5.0,3.5,118.75
1415,IL1<IL12<IL10,1.0,0.25,0.25,67.25
1416,IL1<IL12<IL10,1.0,0.25,0.25,0.25
1417,IL1<IL12<IL10,1.0,0.75,0.75,120.0
1418,IL1<IL10<IL12,0.33333333333333337,0.0,0.25,0.0
1419,IL12<IL1<IL10,0.33333333333333337,0.25,0.0,0.5
1420,IL1<IL12<IL10,1.0,0.0,0.0,120.0
1421,IL10<IL12<IL1,-1.0,20.5,0.25,0.0
1422,IL1<IL12<IL10,1.0,0.75,2.5,4.5
1423,IL1<IL12<IL10,1.0,0.5,0.75,82.0
1424,IL1<IL12<IL10,1.0,0.0,0.0,120.0
1425,IL10<IL1<IL12,-0.33333333333333337,120.0,120.0,0.0
1426,IL1<IL12<IL10,1.0,4.25,120.0,120.0
1427,IL12<IL10<IL1,-0.33333333333333337,1.5,0.5,1.25
1428,IL1<IL12<IL10,1.0,0.0,0.5,20.75
1429,IL1<IL12<IL10,1.0,0.25,0.5,1.5
1430,IL1<IL12<IL10,1.0,3.75,16.0,120.0
1431,IL12<IL1<IL10,0.33333333333333337,2.25,0.75,12.0
1432,IL12<IL1<IL10,0.33333333333333337,0.5,0.0,28.75
1433,IL1<IL12<IL10,1.0,0.0,4.0,120.0
1434,IL1<IL12<IL10,1.0,0.25,0.5,120.0
1435,IL1<IL10<IL12,0.33333333333333337,0.25,120.0,0.25
1436,IL1<IL12<IL10,1.0,0.5,13.75,37.25
1437,IL10<IL1<IL12,-0.33333333333333337,0.25,0.25,0.0
1438,IL1<IL12<IL10,1.0,0.0,0.5,104.0
1439,IL12<IL1<IL10,0.33333333333333337,1.5,1.25,1.75
1440,IL1<IL12<IL10,1.0,120.0,120.0,120.0
1441,IL1<IL10<IL12,0.33333333333333337,0.25,120.0,70.5
1442,IL1<IL10<IL12,0.33333333333333337,0.25,7.0,0.5
1443,IL1<IL12<IL10,1.0,0.25,0.25,120.0
1444,IL1<IL12<IL10,1.0,0.25,0.25,120.0
1445,IL1<IL12<IL10,1.0,0.0,0.0,120.0
1446,IL1<IL12<IL10,1.0,120.0,120.0,120.0
1447,IL10<IL1<IL12,-0.33333333333333337,2.5,3.5,0.0
1448,IL12<IL1<IL10,0.33333333333333337,3.0,2.5,8.25
1449,IL10<IL1<IL12,-0.33333333333333337,120.0,120.0,8.75
1450,IL12<IL10<IL1,-0.33333333333333337,120.0,0.25,0.25
1451,IL1<IL12<IL10,1.0,0.25,0.5,120.0
1452,IL1<IL10<IL12,0.33333333333333337,2.0,2.25,2.0
1453,IL12<IL1<IL10,0.33333333333333337,1.75,1.0,120.0
1454,IL1<IL12<IL10,1.0,0.0,0.25,120.0
1455,IL1<IL12<IL10,1.0,0.0,0.25,5.0
1456,IL1<IL12<IL10,1.0,0.25,120.0,120.0
1457,IL1<IL12<IL10,1.0,0.5,2.0,12.5
1458,IL12<IL1<IL10,0.33333333333333337,1.0,0.75,120.0
1459,IL1<IL12<IL10,1.0,0.25,0.5,7.25
1460,IL1<IL12<IL10,1.0,0.25,0.25,120.0
1461,IL1<IL12<IL10,1.0,0.0,0.5,120.0
1462,IL12<IL1<IL10,0.33333333333333337,1.75,1.0,9.0
1463,IL10<IL1<IL12,-0.33333333333333337,5.5,6.75,0.0
1464,IL1<IL12<IL10,1.0,0.25,0.5,120.0
1465,IL10<IL1<IL12,-0.33333333333333337,0.25,0.25,0.0
1466,IL10<IL1<IL12,-0.33333333333333337,120.0,120.0,0.25
1467,IL1<IL12<IL10,1.0,0.0,0.0,120.0
1468,IL1<IL12<IL10,1.0,0.0,0.0,120.0
1469,IL1<IL12<IL10,1.0,0.25,0.25,120.0
1470,IL1<IL12<IL10,1.0,0.5,0.5,92.25
1471,IL10<IL1<IL12,-0.33333333333333337,0.25,0.25,0.0
1472,IL12<IL1<IL10,0.33333333333333337,120.0,26.5,120.0
1473,IL12<IL1<IL10,0.33333333333333337,7.0,3.75,117.75
1474,IL1<IL12<IL10,1.0,0.0,0.25,17.75
1475,IL1<IL12<IL10,1.0,0.25,0.25,11.25
1476,IL1<IL12<IL10,1.0,0.25,0.25,6.25
1477,IL1<IL12<IL10,1.0,0.0,0.25,120.0
1478,IL10<IL12<IL1,-1.0,3.75,0.25,0.0
1479,IL1<IL12<IL10,1.0,0.25,0.25,4.75
1480,IL10<IL1<IL12,-0.33333333333333337,0.25,0.25,0.0
1481,IL1<IL12<IL10,1.0,0.0,0.75,120.0
1482,IL12<IL1<IL10,0.33333333333333337,3.75,2.75,6.5
1483,IL1<IL12<IL10,1.0,0.5,120.0,120.0
1484,IL10<IL1<IL12,-0.33333333333333337,0.25,0.25,0.0
1485,IL1<IL12<IL10,1.0,0.5,0.75,3.0
1486,IL12<IL10<IL1,-0.33333333333333337,120.0,1.5,3.75
1487,IL1<IL12<IL10,1.0,0.25,0.25,0.5
1488,IL1<IL12<IL10,1.0,1.75,1.75,23.75
1489,IL1<IL12<IL10,1.0,0.0,0.0,0.25
1490,IL1<IL12<IL10,1.0,0.0,0.0,54.25
1491,IL1<IL12<IL10,1.0,0.25,0.25,120.0
1492,IL1<IL12<IL10,1.0,0.25,0.25,2.0
1493,IL1<IL10<IL12,0.33333333333333337,0.0,0.25,0.0
1494,IL1<IL12<IL10,1.0,2.5,4.25,120.0
1495,IL1<IL10<IL12,0.33333333333333337,1.25,120.0,7.5
1496,IL10<IL1<IL12,-0.33333333333333337,0.25,0.25,0.0
1497,IL1<IL12<IL10,1.0,6.0,13.0,120.0
1498,IL12<IL1<IL10,0.33333333333333337,5.5,3.25,120.0
1499,IL1<IL12<IL10,1.0,0.0,0.0,0.25
1500,IL1<IL12<IL10,1.0,0.25,0.5,120.0
1501,IL1<IL12<IL10,1.0,0.25,0.5,5.5
1502,IL12<IL1<IL10,0.33333333333333337,21.75,9.75,120.0
1503,IL12<IL1<IL10,0.33333333333333337,0.25,0.0,120.0
1504,IL12<IL10<IL1,-0.33333333333333337,120.0,0.0,2.75
1505,IL12<IL10<IL1,-0.33333333333333337,12.25,6.0,6.25
1506,IL1<IL12<IL10,1.0,0.25,0.5,120.0
1507,IL1<IL12<IL10,1.0,0.0,0.25,50.75
1508,IL1<IL10<IL12,0.33333333333333337,0.25,1.5,1.0
1509,IL1<IL12<IL10,1.0,5.75,120.0,120.0
1510,IL1<IL12<IL10,1.0,0.25,0.25,109.75
1511,IL10<IL1<IL12,-0.33333333333333337,92.0,120.0,0.0
1512,IL1<IL12<IL10,1.0,1.25,1.75,120.0
1513,IL10<IL1<IL12,-0.33333333333333337,120.0,120.0,0.0
1514,IL10<IL1<IL12,-0.33333333333333337,0.25,0.25,0.0
1515,IL1<IL12<IL10,1.0,0.25,0.25,120.0
1516,IL1<IL10<IL12,0.33333333333333337,0.0,0.25,0.0
1517,IL10<IL1<IL12,-0.33333333333333337,0.5,0.5,0.25
1518,IL1<IL12<IL10,1.0,0.0,2.75,120.0
1519,IL12<IL1<IL10,0.33333333333333337,1.25,1.0,8.0
1520,IL10<IL1<IL12,-0.33333333333333337,6.5,120.0,0.25
1521,IL12<IL1<IL10,0.33333333333333337,2.75,2.0,120.0
1522,IL1<IL12<IL10,1.0,0.0,0.25,120.0
1523,IL12<IL1<IL10,0.33333333333333337,0.75,0.25,3.0
1524,IL1<IL10<IL12,0.33333333333333337,0.0,0.25,0.0
1525,IL12<IL1<IL10,0.33333333333333337,0.75,0.25,8.75
1526,IL1<IL12<IL10,1.0,0.25,0.25,6.5
1527,IL10<IL1<IL12,-0.33333333333333337,0.25,0.75,0.0
1528,IL1<IL12<IL10,1.0,0.25,0.5,11.25
1529,IL12<IL1<IL10,0.33333333333333337,0.75,0.5,59.75
1530,IL10<IL1<IL12,-0.33333333333333337,0.25,0.25,0.0
1531,IL1<IL12<IL10,1.0,0.25,0.25,120.0
1532,IL1<IL10<IL12,0.33333333333333337,0.5,120.0,21.0
1533,IL12<IL1<IL10,0.33333333333333337,4.0,2.0,120.0
1534,IL12<IL1<IL10,0.33333333333333337,0.25,0.0,120.0
1535,IL12<IL10<IL1,-0.33333333333333337,8.0,3.75,4.5
1536,IL1<IL12<IL10,1.0,120.0,120.0,120.0
1537,IL1<IL12<IL10,1.0,0.5,3.5,120.0
1538,IL1<IL12<IL10,1.0,120.0,120.0,120.0
1539,IL1<IL12<IL10,1.0,0.25,0.5,15.0
1540,IL1<IL12<IL10,1.0,0.25,0.25,120.0
1541,IL1<IL12<IL10,1.0,0.0,0.0,76.0
1542,IL10<IL12<IL1,-1.0,120.0,0.25,0.0
1543,IL1<IL12<IL10,1.0,0.25,5.5,12.25
1544,IL1<IL12<IL10,1.0,0.0,0.25,0.25
1545,IL1<IL12<IL10,1.0,3.0,9.5,60.75
1546,IL1<IL12<IL10,1.0,1.0,1.0,1.75
1547,IL1<IL12<IL10,1.0,1.25,2.25,83.75
1548,IL1<IL12<IL10,1.0,0.0,0.0,120.0
1549,IL10<IL1<IL12,-0.33333333333333337,0.25,0.25,0.0
1550,IL12<IL1<IL10,0.33333333333333337,1.5,0.0,120.0
1551,IL1<IL12<IL10,1.0,1.5,2.25,120.0
1552,IL1<IL12<IL10,1.0,120.0,120.0,120.0
1553,IL1<IL12<IL10,1.0,0.25,0.25,120.0
1554,IL12<IL1<IL10,0.33333333333333337,63.5,48.0,120.0
1555,IL1<IL12<IL10,1.0,0.75,1.5,8.75
1556,IL1<IL12<IL10,1.0,0.5,0.5,120.0
1557,IL10<IL1<IL12,-0.33333333333333337,0.25,0.25,0.0
1558,IL12<IL10<IL1,-0.33333333333333337,120.0,7.25,25.5
1559,IL1<IL12<IL10,1.0,0.25,0.25,120.0
1560,IL12<IL1<IL10,0.33333333333333337,3.25,0.25,4.25
1561,IL1<IL12<IL10,1.0,0.0,120.0,120.0
1562,IL12<IL1<IL10,0.33333333333333337,5.25,0.25,120.0
1563,IL1<IL10<IL12,0.33333333333333337,0.0,0.75,0.0
1564,IL12<IL10<IL1,-0.33333333333333337,42.25,0.25,0.25
1565,IL1<IL12<IL10,1.0,0.5,0.5,6.25
1566,IL1<IL12<IL10,1.0,0.25,0.25,120.0
1567,IL1<IL12<IL10,1.0,1.5,12.75,62.75
1568,IL1<IL12<IL10,1.0,0.0,2.5,120.0
1569,IL1<IL12<IL10,1.0,74.25,120.0,120.0
1570,IL1<IL12<IL10,1.0,0.0,120.0,120.0
1571,IL12<IL1<IL10,0.33333333333333337,0.5,0.25,120.0
1572,IL1<IL12<IL10,1.0,0.0,0.25,7.25
1573,IL12<IL1<IL10,0.33333333333333337,7.5,4.5,120.0
1574,IL1<IL12<IL10,1.0,8.5,10.25,120.0
1575,IL12<IL10<IL1,-0.33333333333333337,58.75,0.0,0.25
1576,IL1<IL12<IL10,1.0,0.75,1.75,2.0
1577,IL10<IL1<IL12,-0.33333333333333337,120.0,120.0,0.0
1578,IL1<IL12<IL10,1.0,0.25,4.25,120.0
1579,IL10<IL1<IL12,-0.33333333333333337,120.0,120.0,2.25
1580,IL1<IL12<IL10,1.0,0.25,0.25,106.25
1581,IL10<IL1<IL12,-0.33333333333333337,120.0,120.0,1.5
1582,IL1<IL12<IL10,1.0,0.0,0.75,51.5
1583,IL12<IL1<IL10,0.33333333333333337,2.0,1.25,120.0
1584,IL1<IL12<IL10,1.0,0.0,1.0,120.0
1585,IL1<IL12<IL10,1.0,0.25,0.75,58.75
1586,IL10<IL1<IL12,-0.33333333333333337,120.0,120.0,5.25
1587,IL12<IL1<IL10,0.33333333333333337,120.0,0.5,120.0
1588,IL10<IL1<IL12,-0.33333333333333337,0.25,0.75,0.0
1589,IL1<IL12<IL10,1.0,1.75,2.0,120.0
1590,IL1<IL12<IL10,1.0,0.25,0.25,2.75
1591,IL10<IL1<IL12,-0.33333333333333337,120.0,120.0,1.0
1592,IL1<IL12<IL10,1.0,0.25,0.25,77.25
1593,IL12<IL1<IL10,0.33333333333333337,21.25,16.5,120.0
1594,IL1<IL12<IL10,1.0,0.0,1.75,7.0
1595,IL12<IL1<IL10,0.33333333333333337,3.5,0.25,10.25
1596,IL1<IL12<IL10,1.0,0.0,0.25,120.0
1597,IL1<IL12<IL10,1.0,0.25,0.25,21.5
1598,IL1<IL12<IL10,1.0,1.5,2.75,4.75
1599,IL12<IL1<IL10,0.33333333333333337,0.75,0.5,120.0
1600,IL1<IL12<IL10,1.0,0.0,0.0,40.25
1601,IL12<IL1<IL10,0.33333333333333337,2.0,1.75,120.0
1602,IL1<IL12<IL10,1.0,0.0,0.25,0.5
1603,IL10<IL12<IL1,-1.0,1.25,1.0,0.0
1604,IL1<IL12<IL10,1.0,0.0,0.25,120.0
1605,IL10<IL1<IL12,-0.33333333333333337,120.0,120.0,0.0
1606,IL1<IL12<IL10,1.0,0.25,0.25,1.25
1607,IL1<IL12<IL10,1.0,0.25,0.25,120.0
1608,IL1<IL12<IL10,1.0,0.25,0.5,120.0
1609,IL1<IL12<IL10,1.0,1.0,1.5,4.5
1610,IL1<IL12<IL10,1.0,3.25,120.0,120.0
1611,IL10<IL12<IL1,-1.0,6.0,5.0,0.0
1612,IL1<IL10<IL12,0.33333333333333337,0.0,0.25,0.0
1613,IL12<IL1<IL10,0.33333333333333337,1.75,1.25,120.0
1614,IL1<IL12<IL10,1.0,0.75,1.25,120.0
1615,IL12<IL10<IL1,-0.33333333333333337,120.0,0.5,18.5
1616,IL1<IL12<IL10,1.0,18.0,21.25,22.25
1617,IL12<IL1<IL10,0.33333333333333337,1.75,0.25,120.0
1618,IL1<IL12<IL10,1.0,0.25,0.25,120.0
1619,IL12<IL1<IL10,0.33333333333333337,1.5,1.0,3.0
1620,IL1<IL12<IL10,1.0,0.25,0.75,33.5
1621,IL10<IL1<IL12,-0.33333333333333337,120.0,120.0,0.0
1622,IL1<IL12<IL10,1.0,2.75,120.0,120.0
1623,IL1<IL12<IL10,1.0,6.0,8.75,120.0
1624,IL10<IL1<IL12,-0.33333333333333337,0.25,0.25,0.0
1625,IL1<IL12<IL10,1.0,120.0,120.0,120.0
1626,IL1<IL12<IL10,1.0,0.25,6.0,22.25
1627,IL10<IL1<IL12,-0.33333333333333337,0.25,0.25,0.0
1628,IL1<IL12<IL10,1.0,0.0,0.25,7.5
1629,IL1<IL12<IL10,1.0,9.75,120.0,120.0
1630,IL1<IL12<IL10,1.0,0.25,2.75,120.0
1631,IL12<IL1<IL10,0.33333333333333337,0.5,0.25,6.0
1632,IL12<IL1<IL10,0.33333333333333337,2.25,1.25,120.0
1633,IL1<IL10<IL12,0.33333333333333337,0.0,0.75,0.0
1634,IL12<IL1<IL10,0.33333333333333337,0.25,0.0,114.5
1635,IL10<IL1<IL12,-0.33333333333333337,1.0,2.0,0.75
1636,IL10<IL12<IL1,-1.0,0.5,0.25,0.0
1637,IL1<IL12<IL10,1.0,0.0,0.0,120.0
1638,IL12<IL1<IL10,0.33333333333333337,13.75,4.75,120.0
1639,IL1<IL10<IL12,0.33333333333333337,0.0,120.0,0.0
1640,IL1<IL12<IL10,1.0,1.75,2.5,3.0
1641,IL10<IL1<IL12,-0.33333333333333337,37.75,120.0,0.0
1642,IL12<IL1<IL10,0.33333333333333337,1.5,1.25,120.0
1643,IL1<IL12<IL10,1.0,0.25,0.5,3.0
1644,IL12<IL1<IL10,0.33333333333333337,0.5,0.25,106.75
1645,IL1<IL12<IL10,1.0,0.25,120.0,120.0
1646,IL12<IL1<IL10,0.33333333333333337,6.0,3.25,6.25
1647,IL1<IL12<IL10,1.0,0.0,0.0,120.0
1648,IL1<IL12<IL10,1.0,5.75,11.75,120.0
1649,IL1<IL12<IL10,1.0,0.25,0.25,120.0
1650,IL1<IL12<IL10,1.0,0.0,120.0,120.0
1651,IL1<IL12<IL10,1.0,1.0,1.5,4.0
1652,IL10<IL12<IL1,-1.0,120.0,1.75,0.0
1653,IL1<IL12<IL10,1.0,0.25,0.25,120.0
1654,IL1<IL12<IL10,1.0,0.25,0.25,120.0
1655,IL10<IL1<IL12,-0.33333333333333337,0.25,0.25,0.0
1656,IL1<IL12<IL10,1.0,0.25,0.25,1.0
1657,IL1<IL12<IL10,1.0,0.0,0.0,120.0
1658,IL10<IL12<IL1,-1.0,3.0,2.0,0.0
1659,IL1<IL12<IL10,1.0,0.0,0.25,3.0
1660,IL1<IL12<IL10,1.0,0.25,0.25,120.0
1661,IL1<IL12<IL10,1.0,0.25,0.75,46.75
1662,IL1<IL12<IL10,1.0,120.0,120.0,120.0
1663,IL1<IL12<IL10,1.0,1.5,2.5,12.5
1664,IL1<IL12<IL10,1.0,0.25,0.25,0.75
1665,IL1<IL12<IL10,1.0,0.25,0.25,120.0
1666,IL1<IL12<IL10,1.0,0.75,28.0,120.0
1667,IL1<IL12<IL10,1.0,0.25,0.5,7.75
1668,IL1<IL12<IL10,1.0,0.0,1.0,42.25
1669,IL1<IL12<IL10,1.0,0.25,0.25,6.25
1670,IL10<IL1<IL12,-0.33333333333333337,76.5,100.25,4.0
1671,IL12<IL1<IL10,0.33333333333333337,1.5,0.25,120.0
1672,IL1<IL12<IL10,1.0,0.25,1.75,13.0
1673,IL1<IL12<IL10,1.0,120.0,120.0,120.0
1674,IL12<IL10<IL1,-0.33333333333333337,120.0,0.0,2.0
1675,IL1<IL12<IL10,1.0,0.0,0.5,120.0
1676,IL1<IL12<IL10,1.0,0.25,0.25,0.25
1677,IL12<IL1<IL10,0.33333333333333337,120.0,12.75,120.0
1678,IL1<IL12<IL10,1.0,0.25,8.0,120.0
1679,IL1<IL12<IL10,1.0,0.25,0.5,15.5
1680,IL1<IL12<IL10,1.0,0.25,0.25,117.25
1681,IL12<IL1<IL10,0.33333333333333337,0.25,0.0,120.0
1682,IL1<IL12<IL10,1.0,0.25,0.25,11.0
1683,IL12<IL1<IL10,0.33333333333333337,0.5,0.25,120.0
1684,IL1<IL12<IL10,1.0,0.25,0.25,120.0
1685,IL1<IL12<IL10,1.0,2.25,2.75,4.25
1686,IL12<IL1<IL10,0.33333333333333337,2.0,1.5,88.75
1687,IL10<IL1<IL12,-0.33333333333333337,120.0,120.0,0.25
1688,IL1<IL12<IL10,1.0,5.5,42.0,120.0
1689,IL1<IL12<IL10,1.0,0.25,0.25,120.0
1690,IL1<IL12<IL10,1.0,1.75,120.0,120.0
1691,IL1<IL12<IL10,1.0,0.25,0.25,120.0
1692,IL10<IL1<IL12,-0.33333333333333337,0.25,0.5,0.0
1693,IL12<IL1<IL10,0.33333333333333337,25.25,18.0,120.0
1694,IL1<IL12<IL10,1.0,0.75,3.0,120.0
1695,IL1<IL12<IL10,1.0,0.0,0.0,0.0
1696,IL12<IL1<IL10,0.33333333333333337,0.75,0.0,120.0
1697,IL1<IL12<IL10,1.0,4.25,15.25,39.25
1698,IL12<IL1<IL10,0.33333333333333337,0.5,0.25,5.25
1699,IL10<IL1<IL12,-0.33333333333333337,0.25,0.25,0.0
1700,IL12<IL1<IL10,0.33333333333333337,0.25,0.0,0.25
1701,IL1<IL12<IL10,1.0,0.25,0.25,120.0
1702,IL12<IL10<IL1,-0.33333333333333337,120.0,39.5,48.5
1703,IL1<IL12<IL10,1.0,120.0,120.0,120.0
1704,IL1<IL12<IL10,1.0,0.5,1.25,120.0
1705,IL12<IL1<IL10,0.33333333333333337,0.5,0.25,120.0
1706,IL12<IL1<IL10,0.33333333333333337,4.75,3.25,120.0
1707,IL1<IL12<IL10,1.0,0.5,0.75,3.0
1708,IL1<IL12<IL10,1.0,0.25,0.25,2.75
1709,IL1<IL12<IL10,1.0,0.0,0.5,120.0
1710,IL1<IL12<IL10,1.0,0.25,0.75,120.0
1711,IL1<IL12<IL10,1.0,0.25,0.25,120.0
1712,IL1<IL12<IL10,1.0,1.75,1.75,2.0
1713,IL1<IL12<IL10,1.0,120.0,120.0,120.0
1714,IL1<IL12<IL10,1.0,120.0,120.0,120.0
1715,IL10<IL1<IL12,-0.33333333333333337,5.0,5.75,0.0
1716,IL1<IL10<IL12,0.33333333333333337,0.0,15.0,1.5
1717,IL1<IL12<IL10,1.0,0.25,0.5,43.25
1718,IL1<IL12<IL10,1.0,0.25,2.75,120.0
1719,IL1<IL12<IL10,1.0,0.5,0.5,120.0
1720,IL1<IL12<IL10,1.0,0.25,0.25,10.5
1721,IL1<IL12<IL10,1.0,1.75,34.0,120.0
1722,IL12<IL1<IL10,0.33333333333333337,4.25,2.75,120.0
1723,IL10<IL1<IL12,-0.33333333333333337,0.25,0.25,0.0
1724,IL12<IL1<IL10,0.33333333333333337,1.25,0.5,120.0
1725,IL1<IL12<IL10,1.0,0.0,0.0,0.0
1726,IL12<IL10<IL1,-0.33333333333333337,120.0,11.5,93.25
1727,IL1<IL12<IL10,1.0,0.0,4.0,120.0
1728,IL12<IL1<IL10,0.33333333333333337,0.5,0.25,2.25
1729,IL1<IL12<IL10,1.0,11.5,120.0,120.0
1730,IL10<IL12<IL1,-1.0,0.5,0.25,0.0
1731,IL1<IL12<IL10,1.0,0.0,0.0,80.75
1732,IL1<IL12<IL10,1.0,0.5,0.75,71.75
1733,IL1<IL12<IL10,1.0,120.0,120.0,120.0
1734,IL1<IL12<IL10,1.0,120.0,120.0,120.0
1735,IL1<IL12<IL10,1.0,0.0,1.5,120.0
1736,IL1<IL12<IL10,1.0,1.75,3.0,6.75
1737,IL1<IL12<IL10,1.0,0.75,1.0,2.75
1738,IL12<IL10<IL1,-0.33333333333333337,120.0,0.0,0.0
1739,IL1<IL12<IL10,1.0,0.75,1.25,1.75
1740,IL10<IL1<IL12,-0.33333333333333337,0.25,0.25,0.0
1741,IL12<IL1<IL10,0.33333333333333337,1.0,0.25,5.75
1742,IL1<IL12<IL10,1.0,0.25,0.25,120.0
1743,IL10<IL1<IL12,-0.33333333333333337,7.75,17.0,0.0
1744,IL1<IL12<IL10,1.0,0.0,0.25,20.25
1746,IL10<IL1<IL12,-0.33333333333333337,5.25,7.0,0.0
1747,IL1<IL12<IL10,1.0,0.0,0.25,0.5
1748,IL12<IL1<IL10,0.33333333333333337,0.25,0.0,120.0
1749,IL1<IL12<IL10,1.0,0.25,4.75,16.25
1750,IL10<IL1<IL12,-0.33333333333333337,120.0,120.0,0.5
1751,IL1<IL12<IL10,1.0,0.25,0.75,120.0
1752,IL1<IL12<IL10,1.0,0.5,0.5,120.0
1753,IL1<IL12<IL10,1.0,0.25,0.25,2.25
1754,IL12<IL1<IL10,0.33333333333333337,2.75,2.0,5.0
1755,IL1<IL12<IL10,1.0,0.25,0.25,0.25
1756,IL10<IL1<IL12,-0.33333333333333337,2.5,2.75,0.0
1757,IL1<IL12<IL10,1.0,0.25,0.25,120.0
1758,IL12<IL1<IL10,0.33333333333333337,2.25,0.0,120.0
1759,IL1<IL10<IL12,0.33333333333333337,0.0,14.75,0.0
1760,IL1<IL12<IL10,1.0,4.0,7.25,120.0
1761,IL12<IL1<IL10,0.33333333333333337,2.0,0.0,120.0
1762,IL1<IL12<IL10,1.0,0.25,0.25,2.25
1763,IL12<IL1<IL10,0.33333333333333337,0.25,0.0,120.0
1764,IL10<IL1<IL12,-0.33333333333333337,4.25,12.75,0.25
1765,IL1<IL12<IL10,1.0,0.25,0.25,120.0
1766,IL1<IL12<IL10,1.0,0.25,3.25,120.0
1767,IL12<IL1<IL10,0.33333333333333337,3.0,2.0,5.5
1768,IL1<IL12<IL10,1.0,0.0,0.0,0.0
1769,IL1<IL12<IL10,1.0,4.25,5.25,6.25
1770,IL1<IL12<IL10,1.0,2.25,3.75,34.75
1771,IL12<IL1<IL10,0.33333333333333337,0.5,0.25,2.5
1772,IL1<IL12<IL10,1.0,0.25,0.25,120.0
1773,IL10<IL1<IL12,-0.33333333333333337,1.25,3.25,0.0
1774,IL10<IL1<IL12,-0.33333333333333337,120.0,120.0,0.0
1775,IL1<IL12<IL10,1.0,0.25,0.75,120.0
1776,IL10<IL1<IL12,-0.33333333333333337,0.25,0.25,0.0
1777,IL12<IL10<IL1,-0.33333333333333337,120.0,0.25,2.5
1778,IL1<IL10<IL12,0.33333333333333337,0.25,120.0,0.75
1779,IL10<IL1<IL12,-0.33333333333333337,0.5,2.0,0.0
1780,IL1<IL12<IL10,1.0,120.0,120.0,120.0
1781,IL1<IL12<IL10,1.0,120.0,120.0,120.0
1782,IL1<IL12<IL10,1.0,0.0,0.25,120.0
1783,IL10<IL1<IL12,-0.33333333333333337,1.25,1.25,0.0
1784,IL1<IL12<IL10,1.0,0.0,0.0,12.75
1785,IL10<IL1<IL12,-0.33333333333333337,14.0,32.75,0.0
1786,IL1<IL12<IL10,1.0,0.0,0.0,120.0
1787,IL10<IL1<IL12,-0.33333333333333337,0.25,0.25,0.0
1788,IL1<IL12<IL10,1.0,0.0,0.5,11.0
1789,IL10<IL1<IL12,-0.33333333333333337,120.0,120.0,0.0
1790,IL1<IL12<IL10,1.0,3.5,12.75,88.75
1791,IL1<IL12<IL10,1.0,0.25,0.25,120.0
1792,IL1<IL12<IL10,1.0,0.25,0.25,1.0
1793,IL1<IL12<IL10,1.0,0.75,1.25,16.0
1794,IL1<IL12<IL10,1.0,0.25,0.25,120.0
1795,IL1<IL12<IL10,1.0,0.0,0.0,42.0
1796,IL1<IL12<IL10,1.0,0.0,0.0,0.25
1797,IL1<IL12<IL10,1.0,7.75,9.5,11.25
1798,IL12<IL1<IL10,0.33333333333333337,0.25,0.0,24.5
1799,IL1<IL12<IL10,1.0,1.5,2.0,3.75
1800,IL1<IL12<IL10,1.0,0.25,0.5,6.75
1801,IL1<IL12<IL10,1.0,0.25,1.25,120.0
1802,IL10<IL12<IL1,-1.0,120.0,7.75,0.0
1803,IL1<IL12<IL10,1.0,0.25,1.75,120.0
1804,IL12<IL1<IL10,0.33333333333333337,1.0,0.5,2.75
1805,IL1<IL12<IL10,1.0,45.5,51.75,59.25
1806,IL1<IL12<IL10,1.0,0.5,0.5,120.0
1807,IL1<IL12<IL10,1.0,0.0,0.25,4.75
1808,IL10<IL1<IL12,-0.33333333333333337,120.0,120.0,1.5
1810,IL1<IL12<IL10,1.0,17.25,35.25,120.0
1811,IL1<IL10<IL12,0.33333333333333337,0.0,0.25,0.0
1812,IL10<IL12<IL1,-1.0,32.5,27.75,0.0
1813,IL1<IL12<IL10,1.0,0.25,0.25,4.0
1814,IL12<IL10<IL1,-0.33333333333333337,120.0,7.0,15.0
1815,IL1<IL12<IL10,1.0,1.0,1.75,5.25
1816,IL1<IL12<IL10,1.0,9.25,16.75,120.0
1817,IL10<IL1<IL12,-0.33333333333333337,4.5,120.0,1.5
1818,IL1<IL10<IL12,0.33333333333333337,0.0,0.25,0.0
1819,IL1<IL12<IL10,1.0,0.75,1.25,5.5
1820,IL1<IL12<IL10,1.0,0.25,0.25,0.25
1821,IL1<IL12<IL10,1.0,4.75,7.5,61.5
1822,IL12<IL1<IL10,0.33333333333333337,23.5,21.5,120.0
1823,IL10<IL1<IL12,-0.33333333333333337,12.25,120.0,1.5
1824,IL12<IL1<IL10,0.33333333333333337,0.25,0.0,120.0
1825,IL1<IL12<IL10,1.0,0.0,0.0,2.5
1826,IL1<IL12<IL10,1.0,0.25,0.25,5.5
1827,IL1<IL12<IL10,1.0,1.0,2.0,4.75
1828,IL1<IL12<IL10,1.0,0.25,0.25,65.75
1829,IL1<IL12<IL10,1.0,0.75,2.0,120.0
1830,IL1<IL12<IL10,1.0,0.0,0.0,0.0
1831,IL12<IL1<IL10,0.33333333333333337,0.5,0.25,3.75
1832,IL10<IL1<IL12,-0.33333333333333337,4.25,5.25,0.0
1833,IL12<IL1<IL10,0.33333333333333337,6.0,3.5,120.0
1834,IL1<IL12<IL10,1.0,3.5,11.25,120.0
1835,IL1<IL12<IL10,1.0,0.25,0.25,0.25
1836,IL1<IL12<IL10,1.0,0.25,0.25,120.0
1837,IL1<IL12<IL10,1.0,6.25,7.0,17.25
1838,IL1<IL10<IL12,0.33333333333333337,7.25,120.0,106.0
1839,IL12<IL1<IL10,0.33333333333333337,14.25,13.75,16.75
1840,IL12<IL1<IL10,0.33333333333333337,0.5,0.25,120.0
1841,IL10<IL1<IL12,-0.33333333333333337,120.0,120.0,91.5
1842,IL1<IL12<IL10,1.0,0.0,0.75,114.75
1843,IL12<IL1<IL10,0.33333333333333337,2.5,0.0,120.0
1844,IL1<IL12<IL10,1.0,5.0,5.0,10.0
1845,IL1<IL12<IL10,1.0,0.25,0.25,120.0
1846,IL1<IL10<IL12,0.33333333333333337,0.0,0.25,0.0
1847,IL1<IL12<IL10,1.0,0.25,0.25,81.5
1848,IL1<IL10<IL12,0.33333333333333337,0.0,41.25,0.0
1849,IL1<IL12<IL10,1.0,0.25,0.25,120.0
1850,IL1<IL12<IL10,1.0,0.25,0.25,120.0
1851,IL12<IL10<IL1,-0.33333333333333337,2.75,0.0,1.5
1852,IL1<IL12<IL10,1.0,2.0,4.0,6.0
1853,IL1<IL12<IL10,1.0,0.25,0.25,0.75
1854,IL1<IL12<IL10,1.0,1.0,1.0,12.25
1855,IL12<IL1<IL10,0.33333333333333337,0.75,0.5,120.0
1856,IL1<IL12<IL10,1.0,0.25,0.25,0.75
1857,IL12<IL10<IL1,-0.33333333333333337,0.5,0.0,0.0
1858,IL1<IL12<IL10,1.0,0.25,0.25,120.0
1859,IL12<IL1<IL10,0.33333333333333337,0.5,0.0,0.5
1860,IL1<IL12<IL10,1.0,0.75,1.0,1.0
1861,IL12<IL10<IL1,-0.33333333333333337,120.0,5.25,15.0
1862,IL1<IL12<IL10,1.0,1.75,2.0,17.75
1863,IL10<IL12<IL1,-1.0,3.5,2.0,1.0
1864,IL1<IL12<IL10,1.0,0.0,0.5,6.75
1865,IL10<IL12<IL1,-1.0,120.0,6.75,0.0
1866,IL10<IL1<IL12,-0.33333333333333337,120.0,120.0,2.75
1867,IL1<IL12<IL10,1.0,0.0,0.0,120.0
1868,IL1<IL12<IL10,1.0,0.25,0.25,79.25
1869,IL1<IL12<IL10,1.0,0.25,0.25,99.0
1870,IL1<IL12<IL10,1.0,0.5,1.25,120.0
1871,IL12<IL1<IL10,0.33333333333333337,0.25,0.0,92.0
1872,IL1<IL12<IL10,1.0,0.25,0.25,1.75
1873,IL12<IL1<IL10,0.33333333333333337,0.25,0.0,120.0
1874,IL10<IL1<IL12,-0.33333333333333337,0.5,120.0,0.0
1875,IL1<IL12<IL10,1.0,0.25,0.25,81.0
1876,IL1<IL12<IL10,1.0,0.0,0.75,120.0
1877,IL12<IL1<IL10,0.33333333333333337,1.25,0.25,69.5
1878,IL1<IL12<IL10,1.0,120.0,120.0,120.0
1879,IL10<IL12<IL1,-1.0,3.5,2.75,0.0
1880,IL1<IL12<IL10,1.0,0.0,0.0,0.5
1881,IL10<IL1<IL12,-0.33333333333333337,120.0,120.0,0.0
1882,IL12<IL10<IL1,-0.33333333333333337,1.25,0.0,0.0
1883,IL1<IL12<IL10,1.0,0.25,0.25,120.0
1884,IL1<IL12<IL10,1.0,0.25,0.25,120.0
1885,IL12<IL1<IL10,0.33333333333333337,120.0,56.0,120.0
1887,IL1<IL12<IL10,1.0,0.0,0.0,9.5
1888,IL12<IL1<IL10,0.33333333333333337,0.5,0.25,120.0
1889,IL1<IL12<IL10,1.0,120.0,120.0,120.0
1890,IL10<IL1<IL12,-0.33333333333333337,120.0,120.0,10.75
1891,IL10<IL1<IL12,-0.33333333333333337,0.25,0.25,0.0
1892,IL1<IL12<IL10,1.0,0.0,0.0,119.25
1893,IL1<IL12<IL10,1.0,0.25,4.25,120.0
1894,IL12<IL1<IL10,0.33333333333333337,120.0,19.25,120.0
1895,IL12<IL1<IL10,0.33333333333333337,0.75,0.5,2.75
1896,IL12<IL1<IL10,0.33333333333333337,0.25,0.0,120.0
1897,IL1<IL12<IL10,1.0,0.0,0.25,120.0
1898,IL12<IL1<IL10,0.33333333333333337,12.25,0.25,120.0
1899,IL10<IL1<IL12,-0.33333333333333337,2.0,7.75,0.0
1900,IL12<IL1<IL10,0.33333333333333337,0.75,0.5,120.0
1901,IL12<IL10<IL1,-0.33333333333333337,120.0,0.0,12.75
1902,IL10<IL1<IL12,-0.33333333333333337,0.25,0.25,0.0
1903,IL1<IL12<IL10,1.0,0.0,0.5,120.0
1904,IL1<IL12<IL10,1.0,0.25,0.5,96.5
1905,IL1<IL10<IL12,0.33333333333333337,0.0,120.0,11.0
1906,IL10<IL1<IL12,-0.33333333333333337,120.0,120.0,0.0
1907,IL1<IL12<IL10,1.0,0.0,0.0,120.0
1908,IL12<IL1<IL10,0.33333333333333337,0.25,0.0,5.75
1909,IL1<IL12<IL10,1.0,0.5,1.75,18.25
1910,IL1<IL12<IL10,1.0,0.75,0.75,5.0
1911,IL1<IL12<IL10,1.0,0.25,0.25,44.5
1912,IL10<IL12<IL1,-1.0,120.0,0.25,0.0
1913,IL1<IL12<IL10,1.0,0.75,1.0,120.0
1914,IL1<IL12<IL10,1.0,7.75,8.75,120.0
1915,IL10<IL1<IL12,-0.33333333333333337,1.0,1.25,0.0
1916,IL12<IL10<IL1,-0.33333333333333337,120.0,0.0,70.5
1917,IL1<IL12<IL10,1.0,0.0,0.25,19.5
1918,IL1<IL12<IL10,1.0,0.0,0.25,120.0
1919,IL1<IL12<IL10,1.0,0.25,0.5,120.0
1920,IL1<IL12<IL10,1.0,0.25,0.25,3.25
1921,IL12<IL1<IL10,0.33333333333333337,8.5,5.25,120.0
1922,IL1<IL12<IL10,1.0,1.5,53.25,120.0
1923,IL1<IL10<IL12,0.33333333333333337,0.0,0.25,0.0
1924,IL1<IL12<IL10,1.0,0.25,0.5,120.0
1925,IL12<IL10<IL1,-0.33333333333333337,120.0,0.0,4.0
1926,IL1<IL12<IL10,1.0,2.0,120.0,120.0
1927,IL12<IL1<IL10,0.33333333333333337,3.25,0.5,48.5
1928,IL1<IL12<IL10,1.0,0.75,2.0,2.75
1929,IL1<IL12<IL10,1.0,0.25,120.0,120.0
1930,IL1<IL12<IL10,1.0,120.0,120.0,120.0
1931,IL12<IL1<IL10,0.33333333333333337,2.25,2.0,37.25
1932,IL1<IL12<IL10,1.0,0.0,2.25,9.0
1933,IL1<IL12<IL10,1.0,0.5,0.5,120.0
1934,IL1<IL12<IL10,1.0,3.25,6.75,42.5
1935,IL12<IL1<IL10,0.33333333333333337,2.25,2.0,13.0
1936,IL1<IL10<IL12,0.33333333333333337,0.0,3.25,0.0
1937,IL12<IL1<IL10,0.33333333333333337,4.75,2.75,38.0
1938,IL1<IL12<IL10,1.0,0.5,2.75,120.0
1939,IL10<IL12<IL1,-1.0,0.5,0.25,0.0
1940,IL1<IL12<IL10,1.0,0.0,0.25,120.0
1941,IL10<IL1<IL12,-0.33333333333333337,120.0,120.0,0.0
1942,IL1<IL12<IL10,1.0,0.0,0.25,16.5
1943,IL1<IL12<IL10,1.0,22.0,28.0,63.25
1944,IL1<IL12<IL10,1.0,0.5,0.75,3.75
1945,IL1<IL12<IL10,1.0,0.0,0.75,18.25
1946,IL1<IL12<IL10,1.0,0.5,3.75,11.25
1947,IL1<IL12<IL10,1.0,0.25,0.25,120.0
1948,IL1<IL12<IL10,1.0,0.0,0.25,32.5
1949,IL10<IL1<IL12,-0.33333333333333337,120.0,120.0,0.0
1950,IL12<IL1<IL10,0.33333333333333337,0.25,0.0,120.0
1951,IL1<IL12<IL10,1.0,0.25,0.25,0.5
1952,IL12<IL1<IL10,0.33333333333333337,0.5,0.25,120.0
1953,IL10<IL1<IL12,-0.33333333333333337,0.25,0.25,0.0
1954,IL1<IL10<IL12,0.33333333333333337,0.0,1.0,0.0
1955,IL1<IL12<IL10,1.0,1.0,4.5,11.25
1956,IL1<IL12<IL10,1.0,0.25,0.25,5.25
1957,IL1<IL12<IL10,1.0,0.0,0.0,120.0
1958,IL1<IL12<IL10,1.0,5.75,6.25,9.25
1959,IL1<IL12<IL10,1.0,0.0,0.25,29.75
1960,IL1<IL12<IL10,1.0,0.25,0.25,120.0
1961,IL1<IL12<IL10,1.0,0.5,1.25,28.5
1962,IL12<IL1<IL10,0.33333333333333337,4.5,4.0,120.0
1963,IL1<IL12<IL10,1.0,0.25,0.25,2.75
1964,IL12<IL1<IL10,0.33333333333333337,120.0,30.75,120.0
1965,IL1<IL12<IL10,1.0,0.0,0.75,5.75
1966,IL12<IL1<IL10,0.33333333333333337,1.5,0.0,120.0
1967,IL10<IL1<IL12,-0.33333333333333337,0.25,5.5,0.0
1968,IL12<IL1<IL10,0.33333333333333337,0.5,0.25,120.0
1969,IL10<IL1<IL12,-0.33333333333333337,120.0,120.0,9.75
1970,IL1<IL12<IL10,1.0,0.75,0.75,1.0
1971,IL1<IL12<IL10,1.0,0.0,0.5,120.0
1972,IL12<IL1<IL10,0.33333333333333337,1.25,0.5,2.0
1973,IL1<IL12<IL10,1.0,0.0,9.75,120.0
1974,IL12<IL1<IL10,0.33333333333333337,120.0,33.0,120.0
1975,IL1<IL12<IL10,1.0,0.25,0.25,1.0
1976,IL1<IL12<IL10,1.0,0.25,0.25,120.0
1977,IL1<IL12<IL10,1.0,4.25,5.75,120.0
1978,IL12<IL1<IL10,0.33333333333333337,19.75,0.25,120.0
1979,IL12<IL10<IL1,-0.33333333333333337,0.25,0.0,0.0
1980,IL1<IL12<IL10,1.0,0.0,0.0,0.25
1981,IL1<IL12<IL10,1.0,1.25,5.0,19.0
1982,IL1<IL12<IL10,1.0,0.25,0.25,2.5
1983,IL10<IL1<IL12,-0.33333333333333337,0.25,0.25,0.0
1984,IL10<IL1<IL12,-0.33333333333333337,120.0,120.0,0.0
1985,IL1<IL12<IL10,1.0,0.0,0.25,120.0
1986,IL1<IL12<IL10,1.0,0.25,0.5,4.5
1987,IL1<IL12<IL10,1.0,0.25,0.25,8.0
1988,IL1<IL12<IL10,1.0,2.0,2.5,120.0
1989,IL1<IL12<IL10,1.0,0.0,1.25,77.5
1990,IL1<IL12<IL10,1.0,0.5,0.75,120.0
1991,IL12<IL1<IL10,0.33333333333333337,0.25,0.0,1.0
1992,IL12<IL10<IL1,-0.33333333333333337,0.25,0.0,0.0
1993,IL1<IL12<IL10,1.0,4.0,120.0,120.0
1994,IL1<IL12<IL10,1.0,120.0,120.0,120.0
1995,IL1<IL12<IL10,1.0,0.0,0.25,120.0
1996,IL12<IL1<IL10,0.33333333333333337,0.75,0.5,120.0
1997,IL1<IL12<IL10,1.0,13.75,33.5,120.0
1998,IL12<IL1<IL10,0.33333333333333337,5.5,4.0,120.0
1999,IL1<IL12<IL10,1.0,1.5,2.75,9.25
2000,IL10<IL1<IL12,-0.33333333333333337,120.0,120.0,0.0
2001,IL12<IL1<IL10,0.33333333333333337,0.25,0.0,3.25
2002,IL1<IL12<IL10,1.0,0.25,0.25,120.0
2003,IL10<IL1<IL12,-0.33333333333333337,0.25,0.25,0.0
2004,IL1<IL12<IL10,1.0,0.25,0.25,120.0
2005,IL1<IL10<IL12,0.33333333333333337,0.0,0.25,0.0
2006,IL12<IL1<IL10,0.33333333333333337,3.5,2.25,9.75
2007,IL1<IL12<IL10,1.0,0.0,0.25,120.0
2008,IL1<IL12<IL10,1.0,0.0,0.25,120.0
2009,IL12<IL10<IL1,-0.33333333333333337,120.0,0.0,0.0
2010,IL1<IL12<IL10,1.0,1.0,2.0,120.0
2011,IL1<IL12<IL10,1.0,0.0,1.0,120.0
2012,IL12<IL10<IL1,-0.33333333333333337,120.0,4.5,24.25
2013,IL1<IL12<IL10,1.0,3.25,5.75,120.0
2014,IL1<IL12<IL10,1.0,0.75,0.75,120.0
2015,IL1<IL12<IL10,1.0,0.0,0.25,0.5
2016,IL1<IL12<IL10,1.0,0.0,0.5,120.0
2017,IL10<IL1<IL12,-0.33333333333333337,120.0,120.0,8.25
2018,IL1<IL12<IL10,1.0,0.0,0.25,120.0
2019,IL1<IL12<IL10,1.0,0.25,0.25,8.25
2020,IL1<IL12<IL10,1.0,0.25,0.25,2.0
2021,IL1<IL12<IL10,1.0,0.25,0.25,120.0
2022,IL1<IL12<IL10,1.0,0.5,0.5,120.0
2023,IL1<IL12<IL10,1.0,0.0,0.0,95.25
2024,IL1<IL10<IL12,0.33333333333333337,1.25,3.5,1.75
2025,IL1<IL12<IL10,1.0,120.0,120.0,120.0
2026,IL1<IL12<IL10,1.0,0.5,1.0,1.75
2027,IL12<IL1<IL10,0.33333333333333337,3.25,0.5,8.75
2028,IL10<IL1<IL12,-0.33333333333333337,0.25,0.25,0.0
2029,IL12<IL1<IL10,0.33333333333333337,4.25,0.25,7.75
2030,IL1<IL12<IL10,1.0,0.0,14.25,29.75
2031,IL12<IL1<IL10,0.33333333333333337,2.5,2.25,9.75
2032,IL1<IL12<IL10,1.0,0.0,0.25,120.0
2033,IL10<IL1<IL12,-0.33333333333333337,120.0,120.0,0.0
2034,IL1<IL10<IL12,0.33333333333333337,0.0,1.25,0.0
2035,IL1<IL12<IL10,1.0,0.75,0.75,10.25
2036,IL1<IL12<IL10,1.0,0.0,7.25,12.25
2037,IL1<IL12<IL10,1.0,6.75,9.25,120.0
2038,IL1<IL12<IL10,1.0,0.25,2.5,113.0
2039,IL12<IL1<IL10,0.33333333333333337,0.5,0.0,7.5
2040,IL1<IL12<IL10,1.0,0.75,1.75,2.25
2041,IL12<IL1<IL10,0.33333333333333337,13.75,9.75,120.0
2042,IL1<IL12<IL10,1.0,0.0,0.5,120.0
2043,IL10<IL1<IL12,-0.33333333333333337,0.25,0.25,0.0
2044,IL10<IL1<IL12,-0.33333333333333337,0.25,0.25,0.0
2045,IL1<IL12<IL10,1.0,0.0,0.25,120.0
2046,IL10<IL1<IL12,-0.33333333333333337,120.0,120.0,22.5
2047,IL10<IL1<IL12,-0.33333333333333337,0.25,0.25,0.0
