source,run_id,age,cluster
default,default,30.0,1
default,default,31.0,1
default,default,32.0,1
default,default,33.0,1
default,default,34.0,1
default,default,35.0,1
default,default,36.0,1
default,default,37.0,1
default,default,38.0,1
default,default,39.0,1
default,default,40.0,1
default,default,41.0,1
default,default,42.0,1
default,default,43.0,1
default,default,44.0,1
default,default,45.0,1
default,default,46.0,1
default,default,47.0,1
default,default,48.0,1
default,default,49.0,1
default,default,50.0,1
default,default,51.0,1
default,default,52.0,1
default,default,53.0,1
default,default,54.0,1
default,default,55.0,1
default,default,56.0,1
default,default,57.0,1
default,default,58.0,1
default,default,59.0,1
default,default,60.0,1
default,default,61.0,1
default,default,62.0,1
default,default,63.0,1
default,default,64.0,1
default,default,65.0,1
default,default,66.0,1
default,default,67.0,1
default,default,68.0,1
default,default,69.0,1
default,default,70.0,1
default,default,71.0,1
default,default,72.0,1
default,default,73.0,1
default,default,74.0,1
default,default,75.0,1
default,default,76.0,1
default,default,77.0,1
default,default,78.0,1
default,default,79.0,1
default,default,80.0,1
batch,run_0000,30.0,1
batch,run_0000,31.0,1
batch,run_0000,32.0,1
batch,run_0000,33.0,1
batch,run_0000,34.0,1
batch,run_0000,35.0,1
batch,run_0000,36.0,1
batch,run_0000,37.0,1
batch,run_0000,38.0,1
batch,run_0000,39.0,1
batch,run_0000,40.0,1
batch,run_0000,41.0,1
batch,run_0000,42.0,1
batch,run_0000,43.0,1
batch,run_0000,44.0,1
batch,run_0000,45.0,1
batch,run_0000,46.0,1
batch,run_0000,47.0,1
batch,run_0000,48.0,1
batch,run_0000,49.0,1
batch,run_0000,50.0,1
batch,run_0000,51.0,1
batch,run_0000,52.0,1
batch,run_0000,53.0,0
batch,run_0000,54.0,0
batch,run_0000,55.0,0
batch,run_0000,56.0,0
batch,run_0000,57.0,0
batch,run_0000,58.0,0
batch,run_0000,59.0,0
batch,run_0000,60.0,0
batch,run_0000,61.0,0
batch,run_0000,62.0,0
batch,run_0000,63.0,0
batch,run_0000,64.0,0
batch,run_0000,65.0,0
batch,run_0000,66.0,0
batch,run_0000,67.0,0
batch,run_0000,68.0,0
batch,run_0000,69.0,0
batch,run_0000,70.0,0
batch,run_0000,71.0,0
batch,run_0000,72.0,0
batch,run_0000,73.0,0
batch,run_0000,74.0,0
batch,run_0000,75.0,0
batch,run_0000,76.0,0
batch,run_0000,77.0,0
batch,run_0000,78.0,0
batch,run_0000,79.0,0
batch,run_0000,80.0,0
batch,run_0001,30.0,1
batch,run_0001,31.0,1
batch,run_0001,32.0,1
batch,run_0001,33.0,1
batch,run_0001,34.0,1
batch,run_0001,35.0,1
batch,run_0001,36.0,1
batch,run_0001,37.0,1
batch,run_0001,38.0,1
batch,run_0001,39.0,1
batch,run_0001,40.0,1
batch,run_0001,41.0,1
batch,run_0001,42.0,1
batch,run_0001,43.0,1
batch,run_0001,44.0,1
batch,run_0001,45.0,1
batch,run_0001,46.0,1
batch,run_0001,47.0,1
batch,run_0001,48.0,1
batch,run_0001,49.0,1
batch,run_0001,50.0,1
batch,run_0001,51.0,1
batch,run_0001,52.0,1
batch,run_0001,53.0,0
batch,run_0001,54.0,0
batch,run_0001,55.0,0
batch,run_0001,56.0,0
batch,run_0001,57.0,0
batch,run_0001,58.0,0
batch,run_0001,59.0,0
batch,run_0001,60.0,0
batch,run_0001,61.0,0
batch,run_0001,62.0,0
batch,run_0001,63.0,0
batch,run_0001,64.0,0
batch,run_0001,65.0,0
batch,run_0001,66.0,0
batch,run_0001,67.0,0
batch,run_0001,68.0,0
batch,run_0001,69.0,0
batch,run_0001,70.0,0
batch,run_0001,71.0,0
batch,run_0001,72.0,0
batch,run_0001,73.0,0
batch,run_0001,74.0,0
batch,run_0001,75.0,0
batch,run_0001,76.0,0
batch,run_0001,77.0,0
batch,run_0001,78.0,0
batch,run_0001,79.0,0
batch,run_0001,80.0,0
batch,run_0002,30.0,1
batch,run_0002,31.0,1
batch,run_0002,32.0,1
batch,run_0002,33.0,1
batch,run_0002,34.0,1
batch,run_0002,35.0,1
batch,run_0002,36.0,1
batch,run_0002,37.0,1
batch,run_0002,38.0,1
batch,run_0002,39.0,1
batch,run_0002,40.0,1
batch,run_0002,41.0,1
batch,run_0002,42.0,1
batch,run_0002,43.0,1
batch,run_0002,44.0,1
batch,run_0002,45.0,1
batch,run_0002,46.0,1
batch,run_0002,47.0,1
batch,run_0002,48.0,1
batch,run_0002,49.0,1
batch,run_0002,50.0,1
batch,run_0002,51.0,0
batch,run_0002,52.0,0
batch,run_0002,53.0,0
batch,run_0002,54.0,0
batch,run_0002,55.0,0
batch,run_0002,56.0,0
batch,run_0002,57.0,0
batch,run_0002,58.0,0
batch,run_0002,59.0,0
batch,run_0002,60.0,0
batch,run_0002,61.0,0
batch,run_0002,62.0,0
batch,run_0002,63.0,0
batch,run_0002,64.0,0
batch,run_0002,65.0,0
batch,run_0002,66.0,0
batch,run_0002,67.0,0
batch,run_0002,68.0,0
batch,run_0002,69.0,0
batch,run_0002,70.0,0
batch,run_0002,71.0,0
batch,run_0002,72.0,0
batch,run_0002,73.0,0
batch,run_0002,74.0,0
batch,run_0002,75.0,0
batch,run_0002,76.0,0
batch,run_0002,77.0,0
batch,run_0002,78.0,0
batch,run_0002,79.0,0
batch,run_0002,80.0,0
batch,run_0003,30.0,1
batch,run_0003,31.0,1
batch,run_0003,32.0,1
batch,run_0003,33.0,1
batch,run_0003,34.0,1
batch,run_0003,35.0,1
batch,run_0003,36.0,1
batch,run_0003,37.0,1
batch,run_0003,38.0,1
batch,run_0003,39.0,1
batch,run_0003,40.0,1
batch,run_0003,41.0,1
batch,run_0003,42.0,1
batch,run_0003,43.0,1
batch,run_0003,44.0,1
batch,run_0003,45.0,1
batch,run_0003,46.0,1
batch,run_0003,47.0,1
batch,run_0003,48.0,1
batch,run_0003,49.0,1
batch,run_0003,50.0,1
batch,run_0003,51.0,1
batch,run_0003,52.0,1
batch,run_0003,53.0,1
batch,run_0003,54.0,1
batch,run_0003,55.0,0
batch,run_0003,56.0,0
batch,run_0003,57.0,0
batch,run_0003,58.0,0
batch,run_0003,59.0,0
batch,run_0003,60.0,0
batch,run_0003,61.0,0
batch,run_0003,62.0,0
batch,run_0003,63.0,0
batch,run_0003,64.0,0
batch,run_0003,65.0,0
batch,run_0003,66.0,0
batch,run_0003,67.0,0
batch,run_0003,68.0,0
batch,run_0003,69.0,0
batch,run_0003,70.0,0
batch,run_0003,71.0,0
batch,run_0003,72.0,0
batch,run_0003,73.0,0
batch,run_0003,74.0,0
batch,run_0003,75.0,0
batch,run_0003,76.0,0
batch,run_0003,77.0,0
batch,run_0003,78.0,0
batch,run_0003,79.0,0
batch,run_0003,80.0,0
batch,run_0004,30.0,1
batch,run_0004,31.0,1
batch,run_0004,32.0,1
batch,run_0004,33.0,1
batch,run_0004,34.0,1
batch,run_0004,35.0,1
batch,run_0004,36.0,1
batch,run_0004,37.0,1
batch,run_0004,38.0,1
batch,run_0004,39.0,1
batch,run_0004,40.0,1
batch,run_0004,41.0,1
batch,run_0004,42.0,1
batch,run_0004,43.0,1
batch,run_0004,44.0,1
batch,run_0004,45.0,1
batch,run_0004,46.0,1
batch,run_0004,47.0,1
batch,run_0004,48.0,1
batch,run_0004,49.0,1
batch,run_0004,50.0,1
batch,run_0004,51.0,1
batch,run_0004,52.0,1
batch,run_0004,53.0,1
batch,run_0004,54.0,0
batch,run_0004,55.0,0
batch,run_0004,56.0,0
batch,run_0004,57.0,0
batch,run_0004,58.0,0
batch,run_0004,59.0,0
batch,run_0004,60.0,0
batch,run_0004,61.0,0
batch,run_0004,62.0,0
batch,run_0004,63.0,0
batch,run_0004,64.0,0
batch,run_0004,65.0,0
batch,run_0004,66.0,0
batch,run_0004,67.0,0
batch,run_0004,68.0,0
batch,run_0004,69.0,0
batch,run_0004,70.0,0
batch,run_0004,71.0,0
batch,run_0004,72.0,0
batch,run_0004,73.0,0
batch,run_0004,74.0,0
batch,run_0004,75.0,0
batch,run_0004,76.0,0
batch,run_0004,77.0,0
batch,run_0004,78.0,0
batch,run_0004,79.0,0
batch,run_0004,80.0,0
batch,run_0005,30.0,1
batch,run_0005,31.0,1
batch,run_0005,32.0,1
batch,run_0005,33.0,1
batch,run_0005,34.0,1
batch,run_0005,35.0,1
batch,run_0005,36.0,1
batch,run_0005,37.0,1
batch,run_0005,38.0,1
batch,run_0005,39.0,1
batch,run_0005,40.0,1
batch,run_0005,41.0,1
batch,run_0005,42.0,1
batch,run_0005,43.0,1
batch,run_0005,44.0,1
batch,run_0005,45.0,1
batch,run_0005,46.0,1
batch,run_0005,47.0,1
batch,run_0005,48.0,1
batch,run_0005,49.0,1
batch,run_0005,50.0,0
batch,run_0005,51.0,0
batch,run_0005,52.0,0
batch,run_0005,53.0,0
batch,run_0005,54.0,0
batch,run_0005,55.0,0
batch,run_0005,56.0,0
batch,run_0005,57.0,0
batch,run_0005,58.0,0
batch,run_0005,59.0,0
batch,run_0005,60.0,0
batch,run_0005,61.0,0
batch,run_0005,62.0,0
batch,run_0005,63.0,0
batch,run_0005,64.0,0
batch,run_0005,65.0,0
batch,run_0005,66.0,0
batch,run_0005,67.0,0
batch,run_0005,68.0,0
batch,run_0005,69.0,0
batch,run_0005,70.0,0
batch,run_0005,71.0,0
batch,run_0005,72.0,0
batch,run_0005,73.0,0
batch,run_0005,74.0,0
batch,run_0005,75.0,0
batch,run_0005,76.0,0
batch,run_0005,77.0,0
batch,run_0005,78.0,0
batch,run_0005,79.0,0
batch,run_0005,80.0,0
batch,run_0006,30.0,1
batch,run_0006,31.0,1
batch,run_0006,32.0,1
batch,run_0006,33.0,1
batch,run_0006,34.0,1
batch,run_0006,35.0,1
batch,run_0006,36.0,1
batch,run_0006,37.0,1
batch,run_0006,38.0,1
batch,run_0006,39.0,1
batch,run_0006,40.0,1
batch,run_0006,41.0,1
batch,run_0006,42.0,1
batch,run_0006,43.0,1
batch,run_0006,44.0,1
batch,run_0006,45.0,1
batch,run_0006,46.0,1
batch,run_0006,47.0,1
batch,run_0006,48.0,1
batch,run_0006,49.0,1
batch,run_0006,50.0,1
batch,run_0006,51.0,1
batch,run_0006,52.0,1
batch,run_0006,53.0,1
batch,run_0006,54.0,1
batch,run_0006,55.0,1
batch,run_0006,56.0,1
batch,run_0006,57.0,1
batch,run_0006,58.0,1
batch,run_0006,59.0,1
batch,run_0006,60.0,1
batch,run_0006,61.0,1
batch,run_0006,62.0,1
batch,run_0006,63.0,1
batch,run_0006,64.0,1
batch,run_0006,65.0,1
batch,run_0006,66.0,1
batch,run_0006,67.0,1
batch,run_0006,68.0,1
batch,run_0006,69.0,1
batch,run_0006,70.0,1
batch,run_0006,71.0,1
batch,run_0006,72.0,1
batch,run_0006,73.0,1
batch,run_0006,74.0,1
batch,run_0006,75.0,1
batch,run_0006,76.0,1
batch,run_0006,77.0,1
batch,run_0006,78.0,1
batch,run_0006,79.0,1
batch,run_0006,80.0,1
batch,run_0007,30.0,1
batch,run_0007,31.0,1
batch,run_0007,32.0,1
batch,run_0007,33.0,1
batch,run_0007,34.0,1
batch,run_0007,35.0,1
batch,run_0007,36.0,1
batch,run_0007,37.0,1
batch,run_0007,38.0,1
batch,run_0007,39.0,1
batch,run_0007,40.0,1
batch,run_0007,41.0,1
batch,run_0007,42.0,1
batch,run_0007,43.0,1
batch,run_0007,44.0,1
batch,run_0007,45.0,1
batch,run_0007,46.0,1
batch,run_0007,47.0,1
batch,run_0007,48.0,1
batch,run_0007,49.0,1
batch,run_0007,50.0,1
batch,run_0007,51.0,0
batch,run_0007,52.0,0
batch,run_0007,53.0,0
batch,run_0007,54.0,0
batch,run_0007,55.0,0
batch,run_0007,56.0,0
batch,run_0007,57.0,0
batch,run_0007,58.0,0
batch,run_0007,59.0,0
batch,run_0007,60.0,0
batch,run_0007,61.0,0
batch,run_0007,62.0,0
batch,run_0007,63.0,0
batch,run_0007,64.0,0
batch,run_0007,65.0,0
batch,run_0007,66.0,0
batch,run_0007,67.0,0
batch,run_0007,68.0,0
batch,run_0007,69.0,0
batch,run_0007,70.0,0
batch,run_0007,71.0,0
batch,run_0007,72.0,0
batch,run_0007,73.0,0
batch,run_0007,74.0,0
batch,run_0007,75.0,0
batch,run_0007,76.0,0
batch,run_0007,77.0,0
batch,run_0007,78.0,0
batch,run_0007,79.0,0
batch,run_0007,80.0,0
batch,run_0008,30.0,1
batch,run_0008,31.0,1
batch,run_0008,32.0,1
batch,run_0008,33.0,1
batch,run_0008,34.0,1
batch,run_0008,35.0,1
batch,run_0008,36.0,1
batch,run_0008,37.0,1
batch,run_0008,38.0,1
batch,run_0008,39.0,1
batch,run_0008,40.0,1
batch,run_0008,41.0,1
batch,run_0008,42.0,1
batch,run_0008,43.0,1
batch,run_0008,44.0,1
batch,run_0008,45.0,1
batch,run_0008,46.0,1
batch,run_0008,47.0,1
batch,run_0008,48.0,1
batch,run_0008,49.0,1
batch,run_0008,50.0,1
batch,run_0008,51.0,1
batch,run_0008,52.0,1
batch,run_0008,53.0,1
batch,run_0008,54.0,1
batch,run_0008,55.0,1
batch,run_0008,56.0,1
batch,run_0008,57.0,1
batch,run_0008,58.0,0
batch,run_0008,59.0,0
batch,run_0008,60.0,0
batch,run_0008,61.0,0
batch,run_0008,62.0,0
batch,run_0008,63.0,0
batch,run_0008,64.0,0
batch,run_0008,65.0,0
batch,run_0008,66.0,0
batch,run_0008,67.0,0
batch,run_0008,68.0,0
batch,run_0008,69.0,0
batch,run_0008,70.0,0
batch,run_0008,71.0,0
batch,run_0008,72.0,0
batch,run_0008,73.0,0
batch,run_0008,74.0,0
batch,run_0008,75.0,0
batch,run_0008,76.0,0
batch,run_0008,77.0,0
batch,run_0008,78.0,0
batch,run_0008,79.0,0
batch,run_0008,80.0,0
batch,run_0009,30.0,1
batch,run_0009,31.0,1
batch,run_0009,32.0,1
batch,run_0009,33.0,1
batch,run_0009,34.0,1
batch,run_0009,35.0,1
batch,run_0009,36.0,1
batch,run_0009,37.0,1
batch,run_0009,38.0,1
batch,run_0009,39.0,1
batch,run_0009,40.0,1
batch,run_0009,41.0,1
batch,run_0009,42.0,1
batch,run_0009,43.0,1
batch,run_0009,44.0,1
batch,run_0009,45.0,1
batch,run_0009,46.0,1
batch,run_0009,47.0,1
batch,run_0009,48.0,1
batch,run_0009,49.0,1
batch,run_0009,50.0,0
batch,run_0009,51.0,0
batch,run_0009,52.0,0
batch,run_0009,53.0,0
batch,run_0009,54.0,0
batch,run_0009,55.0,0
batch,run_0009,56.0,0
batch,run_0009,57.0,0
batch,run_0009,58.0,0
batch,run_0009,59.0,0
batch,run_0009,60.0,0
batch,run_0009,61.0,0
batch,run_0009,62.0,0
batch,run_0009,63.0,0
batch,run_0009,64.0,0
batch,run_0009,65.0,0
batch,run_0009,66.0,0
batch,run_0009,67.0,0
batch,run_0009,68.0,0
batch,run_0009,69.0,0
batch,run_0009,70.0,0
batch,run_0009,71.0,0
batch,run_0009,72.0,0
batch,run_0009,73.0,0
batch,run_0009,74.0,0
batch,run_0009,75.0,0
batch,run_0009,76.0,0
batch,run_0009,77.0,0
batch,run_0009,78.0,0
batch,run_0009,79.0,0
batch,run_0009,80.0,0
batch,run_0010,30.0,1
batch,run_0010,31.0,1
batch,run_0010,32.0,1
batch,run_0010,33.0,1
batch,run_0010,34.0,1
batch,run_0010,35.0,1
batch,run_0010,36.0,1
batch,run_0010,37.0,1
batch,run_0010,38.0,1
batch,run_0010,39.0,1
batch,run_0010,40.0,1
batch,run_0010,41.0,1
batch,run_0010,42.0,1
batch,run_0010,43.0,1
batch,run_0010,44.0,1
batch,run_0010,45.0,1
batch,run_0010,46.0,1
batch,run_0010,47.0,1
batch,run_0010,48.0,1
batch,run_0010,49.0,1
batch,run_0010,50.0,1
batch,run_0010,51.0,1
batch,run_0010,52.0,1
batch,run_0010,53.0,1
batch,run_0010,54.0,1
batch,run_0010,55.0,0
batch,run_0010,56.0,0
batch,run_0010,57.0,0
batch,run_0010,58.0,0
batch,run_0010,59.0,0
batch,run_0010,60.0,0
batch,run_0010,61.0,0
batch,run_0010,62.0,0
batch,run_0010,63.0,0
batch,run_0010,64.0,0
batch,run_0010,65.0,0
batch,run_0010,66.0,0
batch,run_0010,67.0,0
batch,run_0010,68.0,0
batch,run_0010,69.0,0
batch,run_0010,70.0,0
batch,run_0010,71.0,0
batch,run_0010,72.0,0
batch,run_0010,73.0,0
batch,run_0010,74.0,0
batch,run_0010,75.0,0
batch,run_0010,76.0,0
batch,run_0010,77.0,0
batch,run_0010,78.0,0
batch,run_0010,79.0,0
batch,run_0010,80.0,0
batch,run_0011,30.0,1
batch,run_0011,31.0,1
batch,run_0011,32.0,1
batch,run_0011,33.0,1
batch,run_0011,34.0,1
batch,run_0011,35.0,1
batch,run_0011,36.0,1
batch,run_0011,37.0,1
batch,run_0011,38.0,1
batch,run_0011,39.0,1
batch,run_0011,40.0,1
batch,run_0011,41.0,1
batch,run_0011,42.0,1
batch,run_0011,43.0,1
batch,run_0011,44.0,1
batch,run_0011,45.0,1
batch,run_0011,46.0,1
batch,run_0011,47.0,1
batch,run_0011,48.0,1
batch,run_0011,49.0,1
batch,run_0011,50.0,1
batch,run_0011,51.0,1
batch,run_0011,52.0,1
batch,run_0011,53.0,1
batch,run_0011,54.0,1
batch,run_0011,55.0,1
batch,run_0011,56.0,0
batch,run_0011,57.0,0
batch,run_0011,58.0,0
batch,run_0011,59.0,0
batch,run_0011,60.0,0
batch,run_0011,61.0,0
batch,run_0011,62.0,0
batch,run_0011,63.0,0
batch,run_0011,64.0,0
batch,run_0011,65.0,0
batch,run_0011,66.0,0
batch,run_0011,67.0,0
batch,run_0011,68.0,0
batch,run_0011,69.0,0
batch,run_0011,70.0,0
batch,run_0011,71.0,0
batch,run_0011,72.0,0
batch,run_0011,73.0,0
batch,run_0011,74.0,0
batch,run_0011,75.0,0
batch,run_0011,76.0,0
batch,run_0011,77.0,0
batch,run_0011,78.0,0
batch,run_0011,79.0,0
batch,run_0011,80.0,0
batch,run_0012,30.0,1
batch,run_0012,31.0,1
batch,run_0012,32.0,1
batch,run_0012,33.0,1
batch,run_0012,34.0,1
batch,run_0012,35.0,1
batch,run_0012,36.0,1
batch,run_0012,37.0,1
batch,run_0012,38.0,1
batch,run_0012,39.0,1
batch,run_0012,40.0,1
batch,run_0012,41.0,1
batch,run_0012,42.0,1
batch,run_0012,43.0,1
batch,run_0012,44.0,1
batch,run_0012,45.0,1
batch,run_0012,46.0,1
batch,run_0012,47.0,1
batch,run_0012,48.0,1
batch,run_0012,49.0,1
batch,run_0012,50.0,1
batch,run_0012,51.0,1
batch,run_0012,52.0,1
batch,run_0012,53.0,1
batch,run_0012,54.0,0
batch,run_0012,55.0,0
batch,run_0012,56.0,0
batch,run_0012,57.0,0
batch,run_0012,58.0,0
batch,run_0012,59.0,0
batch,run_0012,60.0,0
batch,run_0012,61.0,0
batch,run_0012,62.0,0
batch,run_0012,63.0,0
batch,run_0012,64.0,0
batch,run_0012,65.0,0
batch,run_0012,66.0,0
batch,run_0012,67.0,0
batch,run_0012,68.0,0
batch,run_0012,69.0,0
batch,run_0012,70.0,0
batch,run_0012,71.0,0
batch,run_0012,72.0,0
batch,run_0012,73.0,0
batch,run_0012,74.0,0
batch,run_0012,75.0,0
batch,run_0012,76.0,0
batch,run_0012,77.0,0
batch,run_0012,78.0,0
batch,run_0012,79.0,0
batch,run_0012,80.0,0
batch,run_0013,30.0,1
batch,run_0013,31.0,1
batch,run_0013,32.0,1
batch,run_0013,33.0,1
batch,run_0013,34.0,1
batch,run_0013,35.0,1
batch,run_0013,36.0,1
batch,run_0013,37.0,1
batch,run_0013,38.0,1
batch,run_0013,39.0,1
batch,run_0013,40.0,1
batch,run_0013,41.0,1
batch,run_0013,42.0,1
batch,run_0013,43.0,1
batch,run_0013,44.0,1
batch,run_0013,45.0,1
batch,run_0013,46.0,1
batch,run_0013,47.0,1
batch,run_0013,48.0,1
batch,run_0013,49.0,1
batch,run_0013,50.0,1
batch,run_0013,51.0,1
batch,run_0013,52.0,1
batch,run_0013,53.0,0
batch,run_0013,54.0,0
batch,run_0013,55.0,0
batch,run_0013,56.0,0
batch,run_0013,57.0,0
batch,run_0013,58.0,0
batch,run_0013,59.0,0
batch,run_0013,60.0,0
batch,run_0013,61.0,0
batch,run_0013,62.0,0
batch,run_0013,63.0,0
batch,run_0013,64.0,0
batch,run_0013,65.0,0
batch,run_0013,66.0,0
batch,run_0013,67.0,0
batch,run_0013,68.0,0
batch,run_0013,69.0,0
batch,run_0013,70.0,0
batch,run_0013,71.0,0
batch,run_0013,72.0,0
batch,run_0013,73.0,0
batch,run_0013,74.0,0
batch,run_0013,75.0,0
batch,run_0013,76.0,0
batch,run_0013,77.0,0
batch,run_0013,78.0,0
batch,run_0013,79.0,0
batch,run_0013,80.0,0
batch,run_0014,30.0,1
batch,run_0014,31.0,1
batch,run_0014,32.0,1
batch,run_0014,33.0,1
batch,run_0014,34.0,1
batch,run_0014,35.0,1
batch,run_0014,36.0,1
batch,run_0014,37.0,1
batch,run_0014,38.0,1
batch,run_0014,39.0,1
batch,run_0014,40.0,1
batch,run_0014,41.0,1
batch,run_0014,42.0,1
batch,run_0014,43.0,1
batch,run_0014,44.0,1
batch,run_0014,45.0,1
batch,run_0014,46.0,1
batch,run_0014,47.0,1
batch,run_0014,48.0,1
batch,run_0014,49.0,1
batch,run_0014,50.0,1
batch,run_0014,51.0,1
batch,run_0014,52.0,1
batch,run_0014,53.0,1
batch,run_0014,54.0,1
batch,run_0014,55.0,1
batch,run_0014,56.0,1
batch,run_0014,57.0,1
batch,run_0014,58.0,1
batch,run_0014,59.0,1
batch,run_0014,60.0,1
batch,run_0014,61.0,1
batch,run_0014,62.0,1
batch,run_0014,63.0,1
batch,run_0014,64.0,1
batch,run_0014,65.0,1
batch,run_0014,66.0,1
batch,run_0014,67.0,1
batch,run_0014,68.0,1
batch,run_0014,69.0,1
batch,run_0014,70.0,1
batch,run_0014,71.0,1
batch,run_0014,72.0,1
batch,run_0014,73.0,1
batch,run_0014,74.0,1
batch,run_0014,75.0,1
batch,run_0014,76.0,1
batch,run_0014,77.0,1
batch,run_0014,78.0,1
batch,run_0014,79.0,1
batch,run_0014,80.0,1
batch,run_0015,30.0,1
batch,run_0015,31.0,1
batch,run_0015,32.0,1
batch,run_0015,33.0,1
batch,run_0015,34.0,1
batch,run_0015,35.0,1
batch,run_0015,36.0,1
batch,run_0015,37.0,1
batch,run_0015,38.0,1
batch,run_0015,39.0,1
batch,run_0015,40.0,1
batch,run_0015,41.0,1
batch,run_0015,42.0,1
batch,run_0015,43.0,1
batch,run_0015,44.0,1
batch,run_0015,45.0,1
batch,run_0015,46.0,1
batch,run_0015,47.0,1
batch,run_0015,48.0,1
batch,run_0015,49.0,1
batch,run_0015,50.0,1
batch,run_0015,51.0,1
batch,run_0015,52.0,1
batch,run_0015,53.0,1
batch,run_0015,54.0,1
batch,run_0015,55.0,1
batch,run_0015,56.0,1
batch,run_0015,57.0,1
batch,run_0015,58.0,1
batch,run_0015,59.0,1
batch,run_0015,60.0,1
batch,run_0015,61.0,1
batch,run_0015,62.0,1
batch,run_0015,63.0,1
batch,run_0015,64.0,1
batch,run_0015,65.0,1
batch,run_0015,66.0,1
batch,run_0015,67.0,1
batch,run_0015,68.0,1
batch,run_0015,69.0,1
batch,run_0015,70.0,1
batch,run_0015,71.0,1
batch,run_0015,72.0,1
batch,run_0015,73.0,1
batch,run_0015,74.0,1
batch,run_0015,75.0,1
batch,run_0015,76.0,1
batch,run_0015,77.0,1
batch,run_0015,78.0,1
batch,run_0015,79.0,1
batch,run_0015,80.0,1
batch,run_0016,30.0,1
batch,run_0016,31.0,1
batch,run_0016,32.0,1
batch,run_0016,33.0,1
batch,run_0016,34.0,1
batch,run_0016,35.0,1
batch,run_0016,36.0,1
batch,run_0016,37.0,1
batch,run_0016,38.0,1
batch,run_0016,39.0,1
batch,run_0016,40.0,1
batch,run_0016,41.0,1
batch,run_0016,42.0,1
batch,run_0016,43.0,1
batch,run_0016,44.0,1
batch,run_0016,45.0,1
batch,run_0016,46.0,1
batch,run_0016,47.0,1
batch,run_0016,48.0,1
batch,run_0016,49.0,1
batch,run_0016,50.0,1
batch,run_0016,51.0,1
batch,run_0016,52.0,1
batch,run_0016,53.0,1
batch,run_0016,54.0,1
batch,run_0016,55.0,1
batch,run_0016,56.0,1
batch,run_0016,57.0,1
batch,run_0016,58.0,1
batch,run_0016,59.0,1
batch,run_0016,60.0,1
batch,run_0016,61.0,1
batch,run_0016,62.0,1
batch,run_0016,63.0,1
batch,run_0016,64.0,1
batch,run_0016,65.0,1
batch,run_0016,66.0,1
batch,run_0016,67.0,1
batch,run_0016,68.0,1
batch,run_0016,69.0,1
batch,run_0016,70.0,1
batch,run_0016,71.0,1
batch,run_0016,72.0,1
batch,run_0016,73.0,1
batch,run_0016,74.0,1
batch,run_0016,75.0,1
batch,run_0016,76.0,1
batch,run_0016,77.0,1
batch,run_0016,78.0,1
batch,run_0016,79.0,1
batch,run_0016,80.0,1
batch,run_0017,30.0,1
batch,run_0017,31.0,1
batch,run_0017,32.0,1
batch,run_0017,33.0,1
batch,run_0017,34.0,1
batch,run_0017,35.0,1
batch,run_0017,36.0,1
batch,run_0017,37.0,1
batch,run_0017,38.0,1
batch,run_0017,39.0,1
batch,run_0017,40.0,1
batch,run_0017,41.0,1
batch,run_0017,42.0,1
batch,run_0017,43.0,1
batch,run_0017,44.0,1
batch,run_0017,45.0,1
batch,run_0017,46.0,1
batch,run_0017,47.0,1
batch,run_0017,48.0,1
batch,run_0017,49.0,1
batch,run_0017,50.0,1
batch,run_0017,51.0,1
batch,run_0017,52.0,1
batch,run_0017,53.0,1
batch,run_0017,54.0,1
batch,run_0017,55.0,0
batch,run_0017,56.0,0
batch,run_0017,57.0,0
batch,run_0017,58.0,0
batch,run_0017,59.0,0
batch,run_0017,60.0,0
batch,run_0017,61.0,0
batch,run_0017,62.0,0
batch,run_0017,63.0,0
batch,run_0017,64.0,0
batch,run_0017,65.0,0
batch,run_0017,66.0,0
batch,run_0017,67.0,0
batch,run_0017,68.0,0
batch,run_0017,69.0,0
batch,run_0017,70.0,0
batch,run_0017,71.0,0
batch,run_0017,72.0,0
batch,run_0017,73.0,0
batch,run_0017,74.0,0
batch,run_0017,75.0,0
batch,run_0017,76.0,0
batch,run_0017,77.0,0
batch,run_0017,78.0,0
batch,run_0017,79.0,0
batch,run_0017,80.0,0
batch,run_0018,30.0,1
batch,run_0018,31.0,1
batch,run_0018,32.0,1
batch,run_0018,33.0,1
batch,run_0018,34.0,1
batch,run_0018,35.0,1
batch,run_0018,36.0,1
batch,run_0018,37.0,1
batch,run_0018,38.0,1
batch,run_0018,39.0,1
batch,run_0018,40.0,1
batch,run_0018,41.0,1
batch,run_0018,42.0,1
batch,run_0018,43.0,1
batch,run_0018,44.0,1
batch,run_0018,45.0,1
batch,run_0018,46.0,1
batch,run_0018,47.0,1
batch,run_0018,48.0,1
batch,run_0018,49.0,1
batch,run_0018,50.0,1
batch,run_0018,51.0,1
batch,run_0018,52.0,1
batch,run_0018,53.0,1
batch,run_0018,54.0,1
batch,run_0018,55.0,1
batch,run_0018,56.0,1
batch,run_0018,57.0,1
batch,run_0018,58.0,1
batch,run_0018,59.0,1
batch,run_0018,60.0,1
batch,run_0018,61.0,1
batch,run_0018,62.0,1
batch,run_0018,63.0,1
batch,run_0018,64.0,1
batch,run_0018,65.0,1
batch,run_0018,66.0,1
batch,run_0018,67.0,1
batch,run_0018,68.0,1
batch,run_0018,69.0,1
batch,run_0018,70.0,1
batch,run_0018,71.0,1
batch,run_0018,72.0,1
batch,run_0018,73.0,1
batch,run_0018,74.0,1
batch,run_0018,75.0,1
batch,run_0018,76.0,1
batch,run_0018,77.0,1
batch,run_0018,78.0,1
batch,run_0018,79.0,1
batch,run_0018,80.0,1
batch,run_0019,30.0,1
batch,run_0019,31.0,1
batch,run_0019,32.0,1
batch,run_0019,33.0,1
batch,run_0019,34.0,1
batch,run_0019,35.0,1
batch,run_0019,36.0,1
batch,run_0019,37.0,1
batch,run_0019,38.0,1
batch,run_0019,39.0,1
batch,run_0019,40.0,1
batch,run_0019,41.0,1
batch,run_0019,42.0,1
batch,run_0019,43.0,1
batch,run_0019,44.0,1
batch,run_0019,45.0,1
batch,run_0019,46.0,1
batch,run_0019,47.0,1
batch,run_0019,48.0,1
batch,run_0019,49.0,1
batch,run_0019,50.0,1
batch,run_0019,51.0,1
batch,run_0019,52.0,1
batch,run_0019,53.0,1
batch,run_0019,54.0,1
batch,run_0019,55.0,1
batch,run_0019,56.0,1
batch,run_0019,57.0,1
batch,run_0019,58.0,1
batch,run_0019,59.0,1
batch,run_0019,60.0,1
batch,run_0019,61.0,1
batch,run_0019,62.0,1
batch,run_0019,63.0,1
batch,run_0019,64.0,1
batch,run_0019,65.0,1
batch,run_0019,66.0,1
batch,run_0019,67.0,1
batch,run_0019,68.0,1
batch,run_0019,69.0,1
batch,run_0019,70.0,1
batch,run_0019,71.0,1
batch,run_0019,72.0,1
batch,run_0019,73.0,1
batch,run_0019,74.0,1
batch,run_0019,75.0,1
batch,run_0019,76.0,1
batch,run_0019,77.0,1
batch,run_0019,78.0,1
batch,run_0019,79.0,1
batch,run_0019,80.0,1
batch,run_0020,30.0,1
batch,run_0020,31.0,1
batch,run_0020,32.0,1
batch,run_0020,33.0,1
batch,run_0020,34.0,1
batch,run_0020,35.0,1
batch,run_0020,36.0,1
batch,run_0020,37.0,1
batch,run_0020,38.0,1
batch,run_0020,39.0,1
batch,run_0020,40.0,1
batch,run_0020,41.0,1
batch,run_0020,42.0,1
batch,run_0020,43.0,1
batch,run_0020,44.0,1
batch,run_0020,45.0,1
batch,run_0020,46.0,1
batch,run_0020,47.0,1
batch,run_0020,48.0,1
batch,run_0020,49.0,1
batch,run_0020,50.0,1
batch,run_0020,51.0,1
batch,run_0020,52.0,1
batch,run_0020,53.0,1
batch,run_0020,54.0,0
batch,run_0020,55.0,0
batch,run_0020,56.0,0
batch,run_0020,57.0,0
batch,run_0020,58.0,0
batch,run_0020,59.0,0
batch,run_0020,60.0,0
batch,run_0020,61.0,0
batch,run_0020,62.0,0
batch,run_0020,63.0,0
batch,run_0020,64.0,0
batch,run_0020,65.0,0
batch,run_0020,66.0,0
batch,run_0020,67.0,0
batch,run_0020,68.0,0
batch,run_0020,69.0,0
batch,run_0020,70.0,0
batch,run_0020,71.0,0
batch,run_0020,72.0,0
batch,run_0020,73.0,0
batch,run_0020,74.0,0
batch,run_0020,75.0,0
batch,run_0020,76.0,0
batch,run_0020,77.0,0
batch,run_0020,78.0,0
batch,run_0020,79.0,0
batch,run_0020,80.0,0
batch,run_0021,30.0,1
batch,run_0021,31.0,1
batch,run_0021,32.0,1
batch,run_0021,33.0,1
batch,run_0021,34.0,1
batch,run_0021,35.0,1
batch,run_0021,36.0,1
batch,run_0021,37.0,1
batch,run_0021,38.0,1
batch,run_0021,39.0,1
batch,run_0021,40.0,1
batch,run_0021,41.0,1
batch,run_0021,42.0,1
batch,run_0021,43.0,1
batch,run_0021,44.0,1
batch,run_0021,45.0,1
batch,run_0021,46.0,1
batch,run_0021,47.0,1
batch,run_0021,48.0,1
batch,run_0021,49.0,1
batch,run_0021,50.0,1
batch,run_0021,51.0,1
batch,run_0021,52.0,1
batch,run_0021,53.0,1
batch,run_0021,54.0,1
batch,run_0021,55.0,1
batch,run_0021,56.0,1
batch,run_0021,57.0,1
batch,run_0021,58.0,1
batch,run_0021,59.0,1
batch,run_0021,60.0,1
batch,run_0021,61.0,1
batch,run_0021,62.0,1
batch,run_0021,63.0,1
batch,run_0021,64.0,1
batch,run_0021,65.0,1
batch,run_0021,66.0,1
batch,run_0021,67.0,1
batch,run_0021,68.0,1
batch,run_0021,69.0,1
batch,run_0021,70.0,1
batch,run_0021,71.0,1
batch,run_0021,72.0,1
batch,run_0021,73.0,1
batch,run_0021,74.0,1
batch,run_0021,75.0,1
batch,run_0021,76.0,1
batch,run_0021,77.0,1
batch,run_0021,78.0,1
batch,run_0021,79.0,1
batch,run_0021,80.0,1
batch,run_0022,30.0,1
batch,run_0022,31.0,1
batch,run_0022,32.0,1
batch,run_0022,33.0,1
batch,run_0022,34.0,1
batch,run_0022,35.0,1
batch,run_0022,36.0,1
batch,run_0022,37.0,1
batch,run_0022,38.0,1
batch,run_0022,39.0,1
batch,run_0022,40.0,1
batch,run_0022,41.0,1
batch,run_0022,42.0,1
batch,run_0022,43.0,1
batch,run_0022,44.0,1
batch,run_0022,45.0,1
batch,run_0022,46.0,1
batch,run_0022,47.0,1
batch,run_0022,48.0,1
batch,run_0022,49.0,1
batch,run_0022,50.0,1
batch,run_0022,51.0,1
batch,run_0022,52.0,1
batch,run_0022,53.0,1
batch,run_0022,54.0,1
batch,run_0022,55.0,1
batch,run_0022,56.0,1
batch,run_0022,57.0,1
batch,run_0022,58.0,1
batch,run_0022,59.0,1
batch,run_0022,60.0,1
batch,run_0022,61.0,0
batch,run_0022,62.0,0
batch,run_0022,63.0,0
batch,run_0022,64.0,0
batch,run_0022,65.0,0
batch,run_0022,66.0,0
batch,run_0022,67.0,0
batch,run_0022,68.0,0
batch,run_0022,69.0,0
batch,run_0022,70.0,0
batch,run_0022,71.0,0
batch,run_0022,72.0,0
batch,run_0022,73.0,0
batch,run_0022,74.0,0
batch,run_0022,75.0,0
batch,run_0022,76.0,0
batch,run_0022,77.0,0
batch,run_0022,78.0,0
batch,run_0022,79.0,0
batch,run_0022,80.0,0
batch,run_0023,30.0,1
batch,run_0023,31.0,1
batch,run_0023,32.0,1
batch,run_0023,33.0,1
batch,run_0023,34.0,1
batch,run_0023,35.0,1
batch,run_0023,36.0,1
batch,run_0023,37.0,1
batch,run_0023,38.0,1
batch,run_0023,39.0,1
batch,run_0023,40.0,1
batch,run_0023,41.0,1
batch,run_0023,42.0,1
batch,run_0023,43.0,1
batch,run_0023,44.0,1
batch,run_0023,45.0,1
batch,run_0023,46.0,1
batch,run_0023,47.0,1
batch,run_0023,48.0,1
batch,run_0023,49.0,1
batch,run_0023,50.0,1
batch,run_0023,51.0,1
batch,run_0023,52.0,1
batch,run_0023,53.0,1
batch,run_0023,54.0,1
batch,run_0023,55.0,1
batch,run_0023,56.0,0
batch,run_0023,57.0,0
batch,run_0023,58.0,0
batch,run_0023,59.0,0
batch,run_0023,60.0,0
batch,run_0023,61.0,0
batch,run_0023,62.0,0
batch,run_0023,63.0,0
batch,run_0023,64.0,0
batch,run_0023,65.0,0
batch,run_0023,66.0,0
batch,run_0023,67.0,0
batch,run_0023,68.0,0
batch,run_0023,69.0,0
batch,run_0023,70.0,0
batch,run_0023,71.0,0
batch,run_0023,72.0,0
batch,run_0023,73.0,0
batch,run_0023,74.0,0
batch,run_0023,75.0,0
batch,run_0023,76.0,0
batch,run_0023,77.0,0
batch,run_0023,78.0,0
batch,run_0023,79.0,0
batch,run_0023,80.0,0
