run,age,distance,is_transition
default,30.0,nan,False
default,31.0,1.955135966586837,True
default,32.0,1.5231219369005387,True
default,33.0,1.4001371561673908,False
default,34.0,1.369225447499508,False
default,35.0,1.3337674990670227,False
default,36.0,1.2784116982238565,False
default,37.0,1.2176661490214966,False
default,38.0,1.163369543230509,False
default,39.0,1.1160720492384006,False
default,40.0,1.069985241924789,False
default,41.0,1.0197593573155523,False
default,42.0,0.9633423325623138,False
default,43.0,0.9016176392529981,False
default,44.0,0.837108690072095,False
default,45.0,0.7728871045446323,False
default,46.0,0.711867216047918,False
default,47.0,0.6564107870504818,False
default,48.0,0.6081377282539808,False
default,49.0,0.5678536460404628,False
default,50.0,0.5355799466004982,False
default,51.0,0.5106740060610019,False
default,52.0,0.4920300800202319,False
default,53.0,0.4783086117851559,False
default,54.0,0.4681498826331932,False
default,55.0,0.4603312694370322,False
default,56.0,0.4538506606874948,False
default,57.0,0.4479474017058996,False
default,58.0,0.44208506774751094,False
default,59.0,0.4359157013893386,False
default,60.0,0.429239134003525,False
default,61.0,0.42196401283550344,False
default,62.0,0.4140752121966323,False
default,63.0,0.4056081420567973,False
default,64.0,0.39662980233612616,False
default,65.0,0.38722444124854943,False
default,66.0,0.3774833697949302,False
default,67.0,0.3674977786707011,False
default,68.0,0.3573543826161718,False
default,69.0,0.34713273348590584,False
default,70.0,0.33690376720251164,False
default,71.0,0.3267291341860699,False
default,72.0,0.31666151524490316,False
default,73.0,0.3067434827930959,False
default,74.0,2.4833775176456614,True
default,75.0,0.28880123576440697,False
default,76.0,0.2807107431038324,False
default,77.0,0.2737712165694594,False
default,78.0,0.26811366300978823,False
default,79.0,0.2638019008201925,False
default,80.0,0.2607861345669131,False
run_0000,30.0,nan,False
run_0000,31.0,0.8313595268295325,False
run_0000,32.0,1.0057312458276912,False
run_0000,33.0,1.1182364854287192,False
run_0000,34.0,1.1316848363002596,False
run_0000,35.0,1.0946847383375289,False
run_0000,36.0,1.0468224419897019,False
run_0000,37.0,1.011332389831074,False
run_0000,38.0,0.9943201705898636,False
run_0000,39.0,0.9895477067966888,False
run_0000,40.0,0.987429341991046,False
run_0000,41.0,0.9812496687431604,False
run_0000,42.0,0.9681590674395618,False
run_0000,43.0,0.9479279762185376,False
run_0000,44.0,0.9216700812829962,False
run_0000,45.0,0.8910131555961383,False
run_0000,46.0,0.8576294482327498,False
run_0000,47.0,0.822995827513436,False
run_0000,48.0,0.7882940348760628,False
run_0000,49.0,0.7543916848483031,False
run_0000,50.0,0.7218621658310027,False
run_0000,51.0,0.691031204146366,False
run_0000,52.0,0.6620282886243967,False
run_0000,53.0,0.6348371972027899,False
run_0000,54.0,0.6093446686034933,False
run_0000,55.0,0.5853812270132291,False
run_0000,56.0,0.5627540248866016,False
run_0000,57.0,0.541269542488801,False
run_0000,58.0,0.5207498482380737,False
run_0000,59.0,0.5010409062550052,False
run_0000,60.0,0.48201669524868435,False
run_0000,61.0,0.46357998834429603,False
run_0000,62.0,0.4456597723277013,False
run_0000,63.0,0.4282074184218605,False
run_0000,64.0,0.4111927161164237,False
run_0000,65.0,0.394599929624364,False
run_0000,66.0,0.37842410310926566,False
run_0000,67.0,0.36266814631523053,False
run_0000,68.0,0.3473397644592834,False
run_0000,69.0,0.3324495317536082,False
run_0000,70.0,0.3180092214753517,False
run_0000,71.0,0.30403055388593386,False
run_0000,72.0,0.29052445635588015,False
run_0000,73.0,0.27750047659862676,False
run_0000,74.0,2.4800199384111425,True
run_0000,75.0,0.25472683747175084,False
run_0000,76.0,0.24601743724492334,False
run_0000,77.0,0.23964639924100242,False
run_0000,78.0,0.23534815235192005,False
run_0000,79.0,0.2328968209177843,False
run_0000,80.0,0.2320028252206456,False
run_0001,30.0,nan,False
run_0001,31.0,0.9782948081872864,False
run_0001,32.0,1.1269160989895168,False
run_0001,33.0,1.2372667783677536,False
run_0001,34.0,1.244752949693916,False
run_0001,35.0,1.195010377556645,False
run_0001,36.0,1.1299944131576356,False
run_0001,37.0,1.0754873074992797,False
run_0001,38.0,1.0395208683444863,False
run_0001,39.0,1.0172225029001545,False
run_0001,40.0,0.9998143236918436,False
run_0001,41.0,0.9807897080144438,False
run_0001,42.0,0.9571514529892156,False
run_0001,43.0,0.9284483115880915,False
run_0001,44.0,0.895615777410214,False
run_0001,45.0,0.8601533217060354,False
run_0001,46.0,0.8236264653322503,False
run_0001,47.0,0.7874005980548081,False
run_0001,48.0,0.7525281360666591,False
run_0001,49.0,0.7197280201270893,False
run_0001,50.0,0.6894111718021644,False
run_0001,51.0,0.6617359506622426,False
run_0001,52.0,0.6366681277868133,False
run_0001,53.0,0.614041309368422,False
run_0001,54.0,0.5936079176765584,False
run_0001,55.0,0.5750834276975767,False
run_0001,56.0,0.5581791080674747,False
run_0001,57.0,0.542622455211451,False
run_0001,58.0,0.5281693887735714,False
run_0001,59.0,0.5146104932061137,False
run_0001,60.0,0.5017720978925294,False
run_0001,61.0,0.4895150234316174,False
run_0001,62.0,0.4777304225080318,False
run_0001,63.0,0.4663350699946111,False
run_0001,64.0,0.4552666007613062,False
run_0001,65.0,0.4444795605885329,False
run_0001,66.0,0.4339414222941962,False
run_0001,67.0,0.42363008271282615,False
run_0001,68.0,0.4135308747440872,False
run_0001,69.0,0.4036345580004448,False
run_0001,70.0,0.3939358549726836,False
run_0001,71.0,0.38443206635110067,False
run_0001,72.0,0.3751223790591976,False
run_0001,73.0,0.36600718796159143,False
run_0001,74.0,2.491700243091573,True
run_0001,75.0,0.34985909472986737,False
run_0001,76.0,0.3441447991926079,False
run_0001,77.0,0.3404041800729707,False
run_0001,78.0,0.3382531322103347,False
run_0001,79.0,0.3373725036843142,False
run_0001,80.0,0.33747743314585865,False
run_0002,30.0,nan,False
run_0002,31.0,0.8219264282792828,False
run_0002,32.0,1.1757749255479821,False
run_0002,33.0,1.372867502984244,True
run_0002,34.0,1.4042650631966254,True
run_0002,35.0,1.3429584704646575,True
run_0002,36.0,1.2538725285198729,False
run_0002,37.0,1.1766955051602952,False
run_0002,38.0,1.1218288397210445,False
run_0002,39.0,1.0822621865158062,False
run_0002,40.0,1.0478550653440895,False
run_0002,41.0,1.0116254834302467,False
run_0002,42.0,0.9704942454552162,False
run_0002,43.0,0.9242750945574272,False
run_0002,44.0,0.8744365822260951,False
run_0002,45.0,0.8230980101612025,False
run_0002,46.0,0.7723747580273861,False
run_0002,47.0,0.7240223720392004,False
run_0002,48.0,0.679278346355325,False
run_0002,49.0,0.6388427610022667,False
run_0002,50.0,0.6029372980484531,False
run_0002,51.0,0.5714048693605724,False
run_0002,52.0,0.5438297277951788,False
run_0002,53.0,0.5196558425946394,False
run_0002,54.0,0.49828076206108063,False
run_0002,55.0,0.47912498511199636,False
run_0002,56.0,0.46167628741195393,False
run_0002,57.0,0.44551196700734375,False
run_0002,58.0,0.43030136023570137,False
run_0002,59.0,0.41579769665211214,False
run_0002,60.0,0.4018260746235279,False
run_0002,61.0,0.3882695883989955,False
run_0002,62.0,0.3750559789435051,False
run_0002,63.0,0.36214570857042655,False
run_0002,64.0,0.3495220319102393,False
run_0002,65.0,0.33718335844052083,False
run_0002,66.0,0.3251375267698411,False
run_0002,67.0,0.31339761553983797,False
run_0002,68.0,0.3019791512351972,False
run_0002,69.0,0.29089774324010387,False
run_0002,70.0,0.28016791938512914,False
run_0002,71.0,0.269802324814555,False
run_0002,72.0,0.25981119937945396,False
run_0002,73.0,0.2502030831276289,False
run_0002,74.0,2.478120087723715,True
run_0002,75.0,0.23408582321817378,False
run_0002,76.0,0.22855262214247893,False
run_0002,77.0,0.2252530093890175,False
run_0002,78.0,0.2238405220849369,False
run_0002,79.0,0.2240244917850689,False
run_0002,80.0,0.22550287291615181,False
run_0003,30.0,nan,False
run_0003,31.0,1.1711668407032656,False
run_0003,32.0,1.3712971996256242,False
run_0003,33.0,1.5232916944616917,True
run_0003,34.0,1.534801006695173,True
run_0003,35.0,1.4598847379616968,True
run_0003,36.0,1.3544588732750287,False
run_0003,37.0,1.2558369084867,False
run_0003,38.0,1.17925378330775,False
run_0003,39.0,1.1227953747388402,False
run_0003,40.0,1.0774859326880926,False
run_0003,41.0,1.0353133684863887,False
run_0003,42.0,0.9918082976482492,False
run_0003,43.0,0.9455110700875871,False
run_0003,44.0,0.896794979173388,False
run_0003,45.0,0.8469102633120582,False
run_0003,46.0,0.7973612982026235,False
run_0003,47.0,0.7495510649771493,False
run_0003,48.0,0.7046068587208458,False
run_0003,49.0,0.6633145376336775,False
run_0003,50.0,0.6261206014070733,False
run_0003,51.0,0.5931692177938659,False
run_0003,52.0,0.5643594150317808,False
run_0003,53.0,0.539405371956425,False
run_0003,54.0,0.5178999940245999,False
run_0003,55.0,0.49937507739862214,False
run_0003,56.0,0.48334754644086514,False
run_0003,57.0,0.4693533497686978,False
run_0003,58.0,0.4569716169782824,False
run_0003,59.0,0.44583635752359935,False
run_0003,60.0,0.435642383237013,False
run_0003,61.0,0.4261433375192816,False
run_0003,62.0,0.4171455705088675,False
run_0003,63.0,0.40850107880145103,False
run_0003,64.0,0.40010042845096905,False
run_0003,65.0,0.3918651938233355,False
run_0003,66.0,0.38374190203262704,False
run_0003,67.0,0.3756962982496416,False
run_0003,68.0,0.3677084537581355,False
run_0003,69.0,0.3597694847910719,False
run_0003,70.0,0.35187799766329575,False
run_0003,71.0,0.3440380676401658,False
run_0003,72.0,0.33625743882235754,False
run_0003,73.0,0.328545847412874,False
run_0003,74.0,2.486668085963676,True
run_0003,75.0,0.31482550905842915,False
run_0003,76.0,0.30956910738055043,False
run_0003,77.0,0.305813649268771,False
run_0003,78.0,0.3033561880423351,False
run_0003,79.0,0.3020111629061655,False
run_0003,80.0,0.30162173305800877,False
run_0004,30.0,nan,False
run_0004,31.0,0.9164065286339723,False
run_0004,32.0,1.0487389381192607,False
run_0004,33.0,1.1542657592042413,False
run_0004,34.0,1.1695023320949192,False
run_0004,35.0,1.1332598355136985,False
run_0004,36.0,1.0839082517496734,False
run_0004,37.0,1.0465579388212065,False
run_0004,38.0,1.0286578290242203,False
run_0004,39.0,1.0237075529969155,False
run_0004,40.0,1.021065104747102,False
run_0004,41.0,1.0132476622049065,False
run_0004,42.0,0.9971774360144047,False
run_0004,43.0,0.97271524190159,False
run_0004,44.0,0.9411962511356641,False
run_0004,45.0,0.9045142359460303,False
run_0004,46.0,0.8646176011234006,False
run_0004,47.0,0.8232526140146076,False
run_0004,48.0,0.781850478591181,False
run_0004,49.0,0.7414949948027895,False
run_0004,50.0,0.7029343253334146,False
run_0004,51.0,0.6666208855064408,False
run_0004,52.0,0.6327601996542446,False
run_0004,53.0,0.60136688105079,False
run_0004,54.0,0.5723194729773131,False
run_0004,55.0,0.5454118092894651,False
run_0004,56.0,0.520396275203294,False
run_0004,57.0,0.49701715879272457,False
run_0004,58.0,0.4750347211812774,False
run_0004,59.0,0.4542391169898523,False
run_0004,60.0,0.43445862965598303,False
run_0004,61.0,0.41556113747281465,False
run_0004,62.0,0.39745130225406694,False
run_0004,63.0,0.38006600988430095,False
run_0004,64.0,0.3633684831396841,False
run_0004,65.0,0.34734263034162627,False
run_0004,66.0,0.3319875872113153,False
run_0004,67.0,0.31731284502126966,False
run_0004,68.0,0.3033334989760853,False
run_0004,69.0,0.29006734530591116,False
run_0004,70.0,0.2775321783955395,False
run_0004,71.0,0.26574360886596926,False
run_0004,72.0,0.25471349508264673,False
run_0004,73.0,0.2444485368955262,False
run_0004,74.0,2.476854220018602,True
run_0004,75.0,0.22792480108056778,False
run_0004,76.0,0.22166731128383638,False
run_0004,77.0,0.2172208101225721,False
run_0004,78.0,0.2145032050643493,False
run_0004,79.0,0.2134077250660092,False
run_0004,80.0,0.21373820055606707,False
run_0005,30.0,nan,False
run_0005,31.0,0.8008669040980931,False
run_0005,32.0,1.1410287021053271,False
run_0005,33.0,1.3262536218024148,True
run_0005,34.0,1.3535183186330664,True
run_0005,35.0,1.2935349109360266,True
run_0005,36.0,1.206592254871266,False
run_0005,37.0,1.1304466229675922,False
run_0005,38.0,1.076073278085593,False
run_0005,39.0,1.0378186347499438,False
run_0005,40.0,1.0067066186344629,False
run_0005,41.0,0.9762179795555236,False
run_0005,42.0,0.9430425318075144,False
run_0005,43.0,0.9063408548381168,False
run_0005,44.0,0.8667783079706729,False
run_0005,45.0,0.8257011418844635,False
run_0005,46.0,0.7845819444243723,False
run_0005,47.0,0.7447037544758843,False
run_0005,48.0,0.7070117140053254,False
run_0005,49.0,0.672084064297459,False
run_0005,50.0,0.6401673032915605,False
run_0005,51.0,0.6112434142329525,False
run_0005,52.0,0.585114333621435,False
run_0005,53.0,0.5614807619376376,False
run_0005,54.0,0.5400005765383287,False
run_0005,55.0,0.5203329450307062,False
run_0005,56.0,0.5021679582674674,False
run_0005,57.0,0.4852412084639628,False
run_0005,58.0,0.4693366730065107,False
run_0005,59.0,0.4542837682758716,False
run_0005,60.0,0.43995177318556966,False
run_0005,61.0,0.42624283205495145,False
run_0005,62.0,0.4130852923040963,False
run_0005,63.0,0.40042752526776604,False
run_0005,64.0,0.3882323495219948,False
run_0005,65.0,0.37647286439314387,False
run_0005,66.0,0.365129459434399,False
run_0005,67.0,0.3541877193184128,False
run_0005,68.0,0.34363655962267453,False
run_0005,69.0,0.3334670807757863,False
run_0005,70.0,0.3236716340429845,False
run_0005,71.0,0.31424289053453813,False
run_0005,72.0,0.30517395734452524,False
run_0005,73.0,0.296457892703734,False
run_0005,74.0,2.4833305652019217,True
run_0005,75.0,0.2818241432081959,False
run_0005,76.0,0.2773776604272333,False
run_0005,77.0,0.27525122835199217,False
run_0005,78.0,0.27488555988827235,False
run_0005,79.0,0.2758541843638612,False
run_0005,80.0,0.27782338911274446,False
run_0006,30.0,nan,False
run_0006,31.0,2.0086691630314677,True
run_0006,32.0,1.585691580993262,True
run_0006,33.0,1.4854309733790436,True
run_0006,34.0,1.469572636579603,True
run_0006,35.0,1.4326006436079761,False
run_0006,36.0,1.3626843350304074,False
run_0006,37.0,1.2808461084174858,False
run_0006,38.0,1.2029883997887556,False
run_0006,39.0,1.131844260080822,False
run_0006,40.0,1.0638238483553168,False
run_0006,41.0,0.9953652273314298,False
run_0006,42.0,0.9252309903662196,False
run_0006,43.0,0.8544302606763435,False
run_0006,44.0,0.7852995649927955,False
run_0006,45.0,0.7205736701389982,False
run_0006,46.0,0.6626975864696717,False
run_0006,47.0,0.6134008711306075,False
run_0006,48.0,0.5734943635010944,False
run_0006,49.0,0.5428360954568043,False
run_0006,50.0,0.5204759977953344,False
run_0006,51.0,0.5049268108756206,False
run_0006,52.0,0.49448555239054315,False
run_0006,53.0,0.4875053867338838,False
run_0006,54.0,0.4825725067832004,False
run_0006,55.0,0.4785794142192661,False
run_0006,56.0,0.4747233295452272,False
run_0006,57.0,0.47046482050742455,False
run_0006,58.0,0.465473731236384,False
run_0006,59.0,0.4595765939131409,False
run_0006,60.0,0.4527114820755029,False
run_0006,61.0,0.444892039191112,False
run_0006,62.0,0.4361807546242182,False
run_0006,63.0,0.42666956536951034,False
run_0006,64.0,0.4164659785696646,False
run_0006,65.0,0.4056832243620645,False
run_0006,66.0,0.39443381778626757,False
run_0006,67.0,0.3828254231559592,False
run_0006,68.0,0.3709583302806154,False
run_0006,69.0,0.3589240769352851,False
run_0006,70.0,0.3468046720959267,False
run_0006,71.0,0.33467289795036553,False
run_0006,72.0,0.3225916270438205,False
run_0006,73.0,0.31061540279153094,False
run_0006,74.0,2.4835754989267125,True
run_0006,75.0,0.2884889638978347,False
run_0006,76.0,0.2783996199185873,False
run_0006,77.0,0.26959673271048035,False
run_0006,78.0,0.2622595556353892,False
run_0006,79.0,0.2564844802813296,False
run_0006,80.0,0.25224073638097627,False
run_0007,30.0,nan,False
run_0007,31.0,0.7613340341474949,False
run_0007,32.0,1.103604763762688,False
run_0007,33.0,1.2946387644230701,False
run_0007,34.0,1.3308267831668341,True
run_0007,35.0,1.2796059572491798,False
run_0007,36.0,1.202274929106705,False
run_0007,37.0,1.1372898751288225,False
run_0007,38.0,1.0944552522634021,False
run_0007,39.0,1.0659068230139082,False
run_0007,40.0,1.0410599578483315,False
run_0007,41.0,1.0130699285637874,False
run_0007,42.0,0.9791374507088961,False
run_0007,43.0,0.9392387203455013,False
run_0007,44.0,0.8948577940111562,False
run_0007,45.0,0.8480368107155183,False
run_0007,46.0,0.8007825288421131,False
run_0007,47.0,0.7547526779449678,False
run_0007,48.0,0.7111276813551318,False
run_0007,49.0,0.6706073319663487,False
run_0007,50.0,0.6334714753380644,False
run_0007,51.0,0.5996755798840768,False
run_0007,52.0,0.5689567519642253,False
run_0007,53.0,0.5409339385881902,False
run_0007,54.0,0.5151828178504512,False
run_0007,55.0,0.4912927830999347,False
run_0007,56.0,0.4689016097241745,False
run_0007,57.0,0.4477133691790185,False
run_0007,58.0,0.42750023883483984,False
run_0007,59.0,0.4080963913830876,False
run_0007,60.0,0.389389090999218,False
run_0007,61.0,0.37130785234762986,False
run_0007,62.0,0.35381411722482375,False
run_0007,63.0,0.3368917524061521,False
run_0007,64.0,0.3205392213626213,False
run_0007,65.0,0.3047636934504488,False
run_0007,66.0,0.28957670382158296,False
run_0007,67.0,0.27499104942683983,False
run_0007,68.0,0.26101871973582946,False
run_0007,69.0,0.2476694215752465,False
run_0007,70.0,0.23494989948216297,False
run_0007,71.0,0.2228636607961486,False
run_0007,72.0,0.21141091424919953,False
run_0007,73.0,0.20058855915041596,False
run_0007,74.0,2.4735145838795756,True
run_0007,75.0,0.18307170630967676,False
run_0007,76.0,0.1769178540389862,False
run_0007,77.0,0.17312346824142646,False
run_0007,78.0,0.17144545846883144,False
run_0007,79.0,0.17164264124175033,False
run_0007,80.0,0.17338698033570446,False
run_0008,30.0,nan,False
run_0008,31.0,1.6724675862315337,True
run_0008,32.0,1.50690842403443,True
run_0008,33.0,1.5212830106600737,True
run_0008,34.0,1.5087471898488358,True
run_0008,35.0,1.4442682683845736,True
run_0008,36.0,1.3536709986752626,False
run_0008,37.0,1.266415548796894,False
run_0008,38.0,1.1977122006915153,False
run_0008,39.0,1.1464968786963037,False
run_0008,40.0,1.103481945630532,False
run_0008,41.0,1.0602737631106396,False
run_0008,42.0,1.0127630735041289,False
run_0008,43.0,0.960372359760402,False
run_0008,44.0,0.9044858837375748,False
run_0008,45.0,0.8472666072594196,False
run_0008,46.0,0.7909476148238562,False
run_0008,47.0,0.7374580940631251,False
run_0008,48.0,0.6882498966487602,False
run_0008,49.0,0.6442415135667033,False
run_0008,50.0,0.6058381994434064,False
run_0008,51.0,0.5729963241828454,False
run_0008,52.0,0.5453194694984826,False
run_0008,53.0,0.5221672013583024,False
run_0008,54.0,0.5027688182482678,False
run_0008,55.0,0.48632616613766494,False
run_0008,56.0,0.4720886365178921,False
run_0008,57.0,0.4594006188351375,False
run_0008,58.0,0.44772517582394716,False
run_0008,59.0,0.4366473542845988,False
run_0008,60.0,0.4258654700032808,False
run_0008,61.0,0.41517518318599345,False
run_0008,62.0,0.404451361559797,False
run_0008,63.0,0.39363076162367466,False
run_0008,64.0,0.38269652754721795,False
run_0008,65.0,0.37166497167700585,False
run_0008,66.0,0.3605749218451795,False
run_0008,67.0,0.3494794381741188,False
run_0008,68.0,0.33843939574442405,False
run_0008,69.0,0.3275188947238486,False
run_0008,70.0,0.31678174372361023,False
run_0008,71.0,0.3062889927842091,False
run_0008,72.0,0.29609702078144706,False
run_0008,73.0,0.2862561823095103,False
run_0008,74.0,2.481056092980835,True
run_0008,75.0,0.26923178888151544,False
run_0008,76.0,0.26208877694830374,False
run_0008,77.0,0.2563904183132419,False
run_0008,78.0,0.252180824671866,False
run_0008,79.0,0.24945194891340125,False
run_0008,80.0,0.24810376722064292,False
run_0009,30.0,nan,False
run_0009,31.0,0.6792504255162177,False
run_0009,32.0,1.0056590532149312,False
run_0009,33.0,1.1811404337795504,False
run_0009,34.0,1.2197067387531084,False
run_0009,35.0,1.1834381546261377,False
run_0009,36.0,1.123899292722603,False
run_0009,37.0,1.0737561863423033,False
run_0009,38.0,1.0415185040921013,False
run_0009,39.0,1.020709478365501,False
run_0009,40.0,1.0025943996683935,False
run_0009,41.0,0.9813874822956701,False
run_0009,42.0,0.9546000408661856,False
run_0009,43.0,0.9221148054998434,False
run_0009,44.0,0.8851662501745617,False
run_0009,45.0,0.8455268268581482,False
run_0009,46.0,0.8049756703205161,False
run_0009,47.0,0.7650117526990935,False
run_0009,48.0,0.7267290072865928,False
run_0009,49.0,0.6908043711810244,False
run_0009,50.0,0.6575487672300243,False
run_0009,51.0,0.6269889595753947,False
run_0009,52.0,0.5989584159132488,False
run_0009,53.0,0.5731843600087627,False
run_0009,54.0,0.5493512390959255,False
run_0009,55.0,0.5271475086168681,False
run_0009,56.0,0.506294626239639,False
run_0009,57.0,0.48656258295636096,False
run_0009,58.0,0.4677715468050915,False
run_0009,59.0,0.4497869988532692,False
run_0009,60.0,0.43251317457665356,False
run_0009,61.0,0.41588516246855056,False
run_0009,62.0,0.3998618963743532,False
run_0009,63.0,0.3844188609514553,False
run_0009,64.0,0.3695425909488964,False
run_0009,65.0,0.3552264140241444,False
run_0009,66.0,0.34146739975808316,False
run_0009,67.0,0.32826414956081684,False
run_0009,68.0,0.31561557875728175,False
run_0009,69.0,0.30351966573925465,False
run_0009,70.0,0.29197236854675657,False
run_0009,71.0,0.28096788022000946,False
run_0009,72.0,0.270498359967987,False
run_0009,73.0,0.26055394839870155,False
run_0009,74.0,2.479232229160989,True
run_0009,75.0,0.24417236893882166,False
run_0009,76.0,0.2391980127706955,False
run_0009,77.0,0.23682516973225015,False
run_0009,78.0,0.2364995555265916,False
run_0009,79.0,0.23778683384234975,False
run_0009,80.0,0.24026844932527583,False
run_0010,30.0,nan,False
run_0010,31.0,1.1772776242822847,False
run_0010,32.0,1.2754915395022863,False
run_0010,33.0,1.3856853198186225,True
run_0010,34.0,1.3963314856525995,True
run_0010,35.0,1.339819582560526,False
run_0010,36.0,1.260213002797996,False
run_0010,37.0,1.1887496005043618,False
run_0010,38.0,1.1368908538443778,False
run_0010,39.0,1.1005155098333363,False
run_0010,40.0,1.070032438647145,False
run_0010,41.0,1.0379629466253255,False
run_0010,42.0,1.0008759468998136,False
run_0010,43.0,0.9583978005437018,False
run_0010,44.0,0.9118243820585569,False
run_0010,45.0,0.8631090471691634,False
run_0010,46.0,0.8142487148126377,False
run_0010,47.0,0.766961246067809,False
run_0010,48.0,0.7225466284151342,False
run_0010,49.0,0.6818598392598942,False
run_0010,50.0,0.6453393136303905,False
run_0010,51.0,0.6130775327931453,False
run_0010,52.0,0.5848972028689443,False
run_0010,53.0,0.5604347079707267,False
run_0010,54.0,0.5392138683471616,False
run_0010,55.0,0.5207136632350117,False
run_0010,56.0,0.5044195972699648,False
run_0010,57.0,0.48985669295875833,False
run_0010,58.0,0.47660912543649303,False
run_0010,59.0,0.46432930229548536,False
run_0010,60.0,0.45273793774115406,False
run_0010,61.0,0.4416195374787764,False
run_0010,62.0,0.4308138800583264,False
run_0010,63.0,0.42020690085084245,False
run_0010,64.0,0.4097217102728244,False
run_0010,65.0,0.3993105997146694,False
run_0010,66.0,0.38894797761696137,False
run_0010,67.0,0.3786247554835276,False
run_0010,68.0,0.36834352036279505,False
run_0010,69.0,0.35811467056798424,False
run_0010,70.0,0.3479538104846445,False
run_0010,71.0,0.337879399063175,False
run_0010,72.0,0.32791122697139424,False
run_0010,73.0,0.31806926569362953,False
run_0010,74.0,2.4849601142129516,True
run_0010,75.0,0.30029935546764414,False
run_0010,76.0,0.29297245050652215,False
run_0010,77.0,0.28718392661007713,False
run_0010,78.0,0.2828222522638932,False
run_0010,79.0,0.27977669136263317,False
run_0010,80.0,0.2779015454999082,False
run_0011,30.0,nan,False
run_0011,31.0,1.1426938295946063,False
run_0011,32.0,1.1457830826608808,False
run_0011,33.0,1.2154539036377439,False
run_0011,34.0,1.2299156898004584,False
run_0011,35.0,1.1985497055953802,False
run_0011,36.0,1.1507517778398217,False
run_0011,37.0,1.1107457846008848,False
run_0011,38.0,1.086748899900156,False
run_0011,39.0,1.0731177132847416,False
run_0011,40.0,1.0600084580884555,False
run_0011,41.0,1.0405636820246142,False
run_0011,42.0,1.0123120154391276,False
run_0011,43.0,0.9758047044460955,False
run_0011,44.0,0.933090363025993,False
run_0011,45.0,0.8866963705579576,False
run_0011,46.0,0.8390469249963611,False
run_0011,47.0,0.7921718037685083,False
run_0011,48.0,0.7475950203899203,False
run_0011,49.0,0.706323025407075,False
run_0011,50.0,0.6688916932065121,False
run_0011,51.0,0.6354431777614811,False
run_0011,52.0,0.6058205716421364,False
run_0011,53.0,0.5796575150415675,False
run_0011,54.0,0.556466372351313,False
run_0011,55.0,0.5357126618520466,False
run_0011,56.0,0.5168733679801106,False
run_0011,57.0,0.4994741276626505,False
run_0011,58.0,0.4831109228437631,False
run_0011,59.0,0.4674587022627729,False
run_0011,60.0,0.4522700675475965,False
run_0011,61.0,0.43736847205154894,False
run_0011,62.0,0.42263759997527905,False
run_0011,63.0,0.40800997495076513,False
run_0011,64.0,0.3934561966546768,False
run_0011,65.0,0.37897529043973327,False
run_0011,66.0,0.3645867050293642,False
run_0011,67.0,0.3503230850186124,False
run_0011,68.0,0.33622523711371105,False
run_0011,69.0,0.32233805584450104,False
run_0011,70.0,0.3087072090239359,False
run_0011,71.0,0.29537755295837026,False
run_0011,72.0,0.2823914057424706,False
run_0011,73.0,0.26978766361626116,False
run_0011,74.0,2.4790649496397315,True
run_0011,75.0,0.24749272367226588,False
run_0011,76.0,0.2381417965979566,False
run_0011,77.0,0.2306060043353589,False
run_0011,78.0,0.22491749690868898,False
run_0011,79.0,0.22106407379556292,False
run_0011,80.0,0.21892328560536214,False
run_0012,30.0,nan,False
run_0012,31.0,0.9252927498363641,False
run_0012,32.0,1.0870440281801865,False
run_0012,33.0,1.2016764735441303,False
run_0012,34.0,1.2128056834201593,False
run_0012,35.0,1.1665782101439397,False
run_0012,36.0,1.1049202771812923,False
run_0012,37.0,1.0542422724067277,False
run_0012,38.0,1.0232873295143439,False
run_0012,39.0,1.007119319238152,False
run_0012,40.0,0.9961246072486505,False
run_0012,41.0,0.9830806603785498,False
run_0012,42.0,0.9647260871964793,False
run_0012,43.0,0.9405844762178104,False
run_0012,44.0,0.9116052172518685,False
run_0012,45.0,0.8792691227470039,False
run_0012,46.0,0.8450907844841249,False
run_0012,47.0,0.8103764806074212,False
run_0012,48.0,0.7761329556574987,False
run_0012,49.0,0.7430572850398276,False
run_0012,50.0,0.711570087489651,False
run_0012,51.0,0.6818684896780008,False
run_0012,52.0,0.6539808226325138,False
run_0012,53.0,0.6278191983779019,False
run_0012,54.0,0.6032246867068652,False
run_0012,55.0,0.5800044761443934,False
run_0012,56.0,0.5579594378018289,False
run_0012,57.0,0.5369020368247382,False
run_0012,58.0,0.5166680949059755,False
run_0012,59.0,0.4971212110292704,False
run_0012,60.0,0.4781551711553626,False
run_0012,61.0,0.45969222277193156,False
run_0012,62.0,0.4416793656471863,False
run_0012,63.0,0.42408414979590514,False
run_0012,64.0,0.4068907151122871,False
run_0012,65.0,0.39009560233527957,False
run_0012,66.0,0.3737045630312148,False
run_0012,67.0,0.357729273171488,False
run_0012,68.0,0.3421849521226513,False
run_0012,69.0,0.3270886190179554,False
run_0012,70.0,0.3124574297280127,False
run_0012,71.0,0.29830780578446836,False
run_0012,72.0,0.2846548261881883,False
run_0012,73.0,0.2715110758913317,False
run_0012,74.0,2.4792839055078573,True
run_0012,75.0,0.24857596280796826,False
run_0012,76.0,0.23962342564540035,False
run_0012,77.0,0.23290621779908569,False
run_0012,78.0,0.22820615979666442,False
run_0012,79.0,0.22532606706603242,False
run_0012,80.0,0.2240326812509392,False
run_0013,30.0,nan,False
run_0013,31.0,0.9720585113401997,False
run_0013,32.0,1.313347284693043,False
run_0013,33.0,1.518898460189579,True
run_0013,34.0,1.5440691518709533,True
run_0013,35.0,1.4643498286658951,True
run_0013,36.0,1.352699652152496,False
run_0013,37.0,1.253725596058522,False
run_0013,38.0,1.1797912365267424,False
run_0013,39.0,1.1241002498010972,False
run_0013,40.0,1.0757790570808714,False
run_0013,41.0,1.0271213589858792,False
run_0013,42.0,0.9747461487789834,False
run_0013,43.0,0.918511587791022,False
run_0013,44.0,0.8600844491809971,False
run_0013,45.0,0.8017903112832319,False
run_0013,46.0,0.7458826154456509,False
run_0013,47.0,0.6941531183891223,False
run_0013,48.0,0.6477676488092377,False
run_0013,49.0,0.6072575099094875,False
run_0013,50.0,0.572600052005686,False
run_0013,51.0,0.5433446903466183,False
run_0013,52.0,0.5187695309132383,False
run_0013,53.0,0.49803164587404875,False
run_0013,54.0,0.4802838301659582,False
run_0013,55.0,0.4647559660093013,False
run_0013,56.0,0.4507993925804394,False
run_0013,57.0,0.4379022540288909,False
run_0013,58.0,0.42568340973631996,False
run_0013,59.0,0.41387417796088477,False
run_0013,60.0,0.4022968844698908,False
run_0013,61.0,0.39084410875337283,False
run_0013,62.0,0.37946024368147246,False
run_0013,63.0,0.3681258455633372,False
run_0013,64.0,0.35684561532803705,False
run_0013,65.0,0.3456393030082216,False
run_0013,66.0,0.3345351375192466,False
run_0013,67.0,0.3235651740240522,False
run_0013,68.0,0.3127621483654271,False
run_0013,69.0,0.30215726302012436,False
run_0013,70.0,0.2917790687464581,False
run_0013,71.0,0.28165277746588907,False
run_0013,72.0,0.2717997319978854,False
run_0013,73.0,0.26223755946692334,False
run_0013,74.0,2.4791831391331556,True
run_0013,75.0,0.24580001364846296,False
run_0013,76.0,0.2395644375086571,False
run_0013,77.0,0.23520762224286929,False
run_0013,78.0,0.23255382510737066,False
run_0013,79.0,0.2314331468446798,False
run_0013,80.0,0.23161877619538734,False
run_0014,30.0,nan,False
run_0014,31.0,2.1173648419314457,True
run_0014,32.0,1.5856056566173964,True
run_0014,33.0,1.458603063741888,True
run_0014,34.0,1.4790384029195618,True
run_0014,35.0,1.4697120947180515,True
run_0014,36.0,1.3978793013502757,False
run_0014,37.0,1.3011393398485647,False
run_0014,38.0,1.2099074117887394,False
run_0014,39.0,1.1277004055235542,False
run_0014,40.0,1.0506406675168192,False
run_0014,41.0,0.9775044191529433,False
run_0014,42.0,0.9085017743211151,False
run_0014,43.0,0.8442409965619725,False
run_0014,44.0,0.7856887621314053,False
run_0014,45.0,0.7339289700332643,False
run_0014,46.0,0.6897555549902288,False
run_0014,47.0,0.6533705742995113,False
run_0014,48.0,0.6243135391316303,False
run_0014,49.0,0.6015869053518266,False
run_0014,50.0,0.5838886835988466,False
run_0014,51.0,0.5698510585663862,False
run_0014,52.0,0.5582213338769815,False
run_0014,53.0,0.5479611104282287,False
run_0014,54.0,0.5382777713663611,False
run_0014,55.0,0.5286095588137267,False
run_0014,56.0,0.5185892099904943,False
run_0014,57.0,0.5080019079540532,False
run_0014,58.0,0.49674588986895724,False
run_0014,59.0,0.48479923357186355,False
run_0014,60.0,0.4721939942337188,False
run_0014,61.0,0.4589968485967602,False
run_0014,62.0,0.44529487421384734,False
run_0014,63.0,0.43118533626254424,False
run_0014,64.0,0.41676862968012834,False
run_0014,65.0,0.4021434838848861,False
run_0014,66.0,0.38740379782249323,False
run_0014,67.0,0.3726366656005538,False
run_0014,68.0,0.35792108009579293,False
run_0014,69.0,0.3433274163495719,False
run_0014,70.0,0.32891738608623117,False
run_0014,71.0,0.3147442088722973,False
run_0014,72.0,0.3008529624767459,False
run_0014,73.0,0.2872811039628689,False
run_0014,74.0,2.4804839505532996,True
run_0014,75.0,0.2626959411209616,False
run_0014,76.0,0.25183072742782453,False
run_0014,77.0,0.2426786479781049,False
run_0014,78.0,0.23547069179131577,False
run_0014,79.0,0.23031630126227337,False
run_0014,80.0,0.22715069010401318,False
run_0015,30.0,nan,False
run_0015,31.0,1.8884740008039989,True
run_0015,32.0,1.49424044403501,True
run_0015,33.0,1.394924998761179,True
run_0015,34.0,1.3752816843299214,False
run_0015,35.0,1.3454381800710926,False
run_0015,36.0,1.2932164384737739,False
run_0015,37.0,1.2330265389295592,False
run_0015,38.0,1.1756800307754274,False
run_0015,39.0,1.121667548467194,False
run_0015,40.0,1.0666648154791394,False
run_0015,41.0,1.0071927076137899,False
run_0015,42.0,0.9425687739282697,False
run_0015,43.0,0.8745127985432664,False
run_0015,44.0,0.8060484014949523,False
run_0015,45.0,0.7405175510805491,False
run_0015,46.0,0.6808983446575194,False
run_0015,47.0,0.6293797633909455,False
run_0015,48.0,0.5871544763508654,False
run_0015,49.0,0.5543695743550118,False
run_0015,50.0,0.5302511602620388,False
run_0015,51.0,0.5133698652373835,False
run_0015,52.0,0.501988074267959,False
run_0015,53.0,0.4943688486562079,False
run_0015,54.0,0.48899047767546966,False
run_0015,55.0,0.4846460833238387,False
run_0015,56.0,0.48045607000125123,False
run_0015,57.0,0.47582949122474283,False
run_0015,58.0,0.4704067935722237,False
run_0015,59.0,0.46400247437516434,False
run_0015,60.0,0.45655530774382763,False
run_0015,61.0,0.44808820935388377,False
run_0015,62.0,0.4386775957599426,False
run_0015,63.0,0.4284314369265212,False
run_0015,64.0,0.4174737808944714,False
run_0015,65.0,0.40593396479707783,False
run_0015,66.0,0.39393920439676505,False
run_0015,67.0,0.3816099829190196,False
run_0015,68.0,0.36905740097856776,False
run_0015,69.0,0.35638156161655565,False
run_0015,70.0,0.3436713398689209,False
run_0015,71.0,0.3310044333398499,False
run_0015,72.0,0.3184476297370105,False
run_0015,73.0,0.3060574973044006,False
run_0015,74.0,2.4831178517369397,True
run_0015,75.0,0.28330568975636466,False
run_0015,76.0,0.27298432094266795,False
run_0015,77.0,0.263998094873859,False
run_0015,78.0,0.2565275447260741,False
run_0015,79.0,0.2506679550702388,False
run_0015,80.0,0.24638699009792228,False
run_0016,30.0,nan,False
run_0016,31.0,2.1251932319333457,True
run_0016,32.0,1.7580579724001693,True
run_0016,33.0,1.698320752072799,True
run_0016,34.0,1.6733401428057182,True
run_0016,35.0,1.5994263884208448,True
run_0016,36.0,1.4872450969673356,False
run_0016,37.0,1.3677815124072856,False
run_0016,38.0,1.2595803978437843,False
run_0016,39.0,1.1665072396981129,False
run_0016,40.0,1.0844927644942657,False
run_0016,41.0,1.0077383328165197,False
run_0016,42.0,0.9324605423873048,False
run_0016,43.0,0.8576741198099158,False
run_0016,44.0,0.7843706404280686,False
run_0016,45.0,0.7144579348129731,False
run_0016,46.0,0.6499821996189797,False
run_0016,47.0,0.5926734480086724,False
run_0016,48.0,0.5437052320323704,False
run_0016,49.0,0.5035822465190355,False
run_0016,50.0,0.4721333772776705,False
run_0016,51.0,0.4485955555773968,False
run_0016,52.0,0.431775311731071,False
run_0016,53.0,0.4202614830845823,False
run_0016,54.0,0.4126352318164013,False
run_0016,55.0,0.4076254584382039,False
run_0016,56.0,0.40418748883307065,False
run_0016,57.0,0.4015215961483399,False
run_0016,58.0,0.3990535842921713,False
run_0016,59.0,0.3963970238766141,False
run_0016,60.0,0.3933114024701179,False
run_0016,61.0,0.3896641799527363,False
run_0016,62.0,0.38539973550811185,False
run_0016,63.0,0.3805151606316562,False
run_0016,64.0,0.3750419743084601,False
run_0016,65.0,0.36903276211335967,False
run_0016,66.0,0.3625517019618532,False
run_0016,67.0,0.3556680163430448,False
run_0016,68.0,0.34845143949877716,False
run_0016,69.0,0.3409693286475957,False
run_0016,70.0,0.33328500287981405,False
run_0016,71.0,0.32545596021970574,False
run_0016,72.0,0.31753441894112905,False
run_0016,73.0,0.30956591350002105,False
run_0016,74.0,2.483790360946322,True
run_0016,75.0,0.2949402346147245,False
run_0016,76.0,0.2882985542529727,False
run_0016,77.0,0.28264997211933,False
run_0016,78.0,0.2781121393561617,False
run_0016,79.0,0.27474204409631825,False
run_0016,80.0,0.2724897621622334,False
run_0017,30.0,nan,False
run_0017,31.0,1.5606886693696231,True
run_0017,32.0,1.4047511401757344,True
run_0017,33.0,1.4449560269019628,True
run_0017,34.0,1.4567431818097178,True
run_0017,35.0,1.4070054848742615,True
run_0017,36.0,1.3283080716490414,False
run_0017,37.0,1.253199687949479,False
run_0017,38.0,1.1920641468252058,False
run_0017,39.0,1.1396222063503352,False
run_0017,40.0,1.0874108739917574,False
run_0017,41.0,1.030315962061999,False
run_0017,42.0,0.9675345167066937,False
run_0017,43.0,0.9011955189901245,False
run_0017,44.0,0.8347279669641469,False
run_0017,45.0,0.7716288984243126,False
run_0017,46.0,0.7147196919061346,False
run_0017,47.0,0.6657817678170727,False
run_0017,48.0,0.6254553948422882,False
run_0017,49.0,0.5933608403598454,False
run_0017,50.0,0.5683727910675916,False
run_0017,51.0,0.5489618956484588,False
run_0017,52.0,0.5335181236570262,False
run_0017,53.0,0.5205877113872704,False
run_0017,54.0,0.5089971784417464,False
run_0017,55.0,0.4978845842562474,False
run_0017,56.0,0.4866734308924946,False
run_0017,57.0,0.47502202425887957,False
run_0017,58.0,0.4627657678937814,False
run_0017,59.0,0.4498644942726552,False
run_0017,60.0,0.4363599743267633,False
run_0017,61.0,0.4223437066980194,False
run_0017,62.0,0.4079334098298805,False
run_0017,63.0,0.3932566827082004,False
run_0017,64.0,0.3784398840250614,False
run_0017,65.0,0.3636014315962536,False
run_0017,66.0,0.3488480673216634,False
run_0017,67.0,0.3342730292536267,False
run_0017,68.0,0.3199556675354808,False
run_0017,69.0,0.30596123111544804,False
run_0017,70.0,0.29234237296383886,False
run_0017,71.0,0.2791402136929015,False
run_0017,72.0,0.2663851421763506,False
run_0017,73.0,0.254098987691974,False
run_0017,74.0,2.478001554116296,True
run_0017,75.0,0.23270236789405396,False
run_0017,76.0,0.2238057290580185,False
run_0017,77.0,0.21680859234950353,False
run_0017,78.0,0.21176809590465204,False
run_0017,79.0,0.2086658532476488,False
run_0017,80.0,0.20734705304104992,False
run_0018,30.0,nan,False
run_0018,31.0,1.853057625270873,True
run_0018,32.0,1.4821538524761844,True
run_0018,33.0,1.3941813081790322,True
run_0018,34.0,1.3765173422429304,False
run_0018,35.0,1.3469166519373645,False
run_0018,36.0,1.2959689169799309,False
run_0018,37.0,1.2372114316481195,False
run_0018,38.0,1.180260937841161,False
run_0018,39.0,1.125358087552422,False
run_0018,40.0,1.068562983050165,False
run_0018,41.0,1.006933895631589,False
run_0018,42.0,0.9402571712239164,False
run_0018,43.0,0.8706109097585699,False
run_0018,44.0,0.8012750799605086,False
run_0018,45.0,0.7357408361177616,False
run_0018,46.0,0.67702053417567,False
run_0018,47.0,0.6272121386122937,False
run_0018,48.0,0.5872918221895997,False
run_0018,49.0,0.5571033711525358,False
run_0018,50.0,0.5355470596966113,False
run_0018,51.0,0.5209214748090425,False
run_0018,52.0,0.5113155904985175,False
run_0018,53.0,0.5049270707760208,False
run_0018,54.0,0.5002506463925993,False
run_0018,55.0,0.4961448701132061,False
run_0018,56.0,0.49181567090965017,False
run_0018,57.0,0.486758931629672,False
run_0018,58.0,0.4806936460501366,False
run_0018,59.0,0.47350088020679854,False
run_0018,60.0,0.4651731905606382,False
run_0018,61.0,0.45577561034374964,False
run_0018,62.0,0.4454166174447465,False
run_0018,63.0,0.434227906734236,False
run_0018,64.0,0.42235057389378877,False
run_0018,65.0,0.40992576841258926,False
run_0018,66.0,0.3970884626951233,False
run_0018,67.0,0.3839637613430669,False
run_0018,68.0,0.37066489062342384,False
run_0018,69.0,0.3572924529336274,False
run_0018,70.0,0.3439348633333227,False
run_0018,71.0,0.33066819580364337,False
run_0018,72.0,0.317557068228763,False
run_0018,73.0,0.30465580938820513,False
run_0018,74.0,2.4829800942964946,True
run_0018,75.0,0.2810188883065955,False
run_0018,76.0,0.27033328824587993,False
run_0018,77.0,0.261047053034338,False
run_0018,78.0,0.2533361890741038,False
run_0018,79.0,0.24729171624475052,False
run_0018,80.0,0.24288096935337616,False
run_0019,30.0,nan,False
run_0019,31.0,1.8769238734332392,True
run_0019,32.0,1.5188406485251187,True
run_0019,33.0,1.4357687379440396,True
run_0019,34.0,1.410681375253745,True
run_0019,35.0,1.3696669619903779,False
run_0019,36.0,1.309350362410255,False
run_0019,37.0,1.2452242708181744,False
run_0019,38.0,1.1864995088608181,False
run_0019,39.0,1.1322308288494944,False
run_0019,40.0,1.0772863384398181,False
run_0019,41.0,1.0177682684969116,False
run_0019,42.0,0.9527511963563845,False
run_0019,43.0,0.8837926189228665,False
run_0019,44.0,0.8138107368907347,False
run_0019,45.0,0.7460978969714916,False
run_0019,46.0,0.6836532857472002,False
run_0019,47.0,0.6287748197602029,False
run_0019,48.0,0.5828515071640384,False
run_0019,49.0,0.5462962403111064,False
run_0019,50.0,0.5186162193766789,False
run_0019,51.0,0.49861732209217974,False
run_0019,52.0,0.4847082531251846,False
run_0019,53.0,0.4751999367567883,False
run_0019,54.0,0.4685410034850705,False
run_0019,55.0,0.4634502544454866,False
run_0019,56.0,0.4589571661938509,False
run_0019,57.0,0.4543811080601323,False
run_0019,58.0,0.44928294838434646,False
run_0019,59.0,0.4434101078494323,False
run_0019,60.0,0.4366467435216265,False
run_0019,61.0,0.4289721209434333,False
run_0019,62.0,0.420428024600249,False
run_0019,63.0,0.4110950288542021,False
run_0019,64.0,0.40107561730785485,False
run_0019,65.0,0.3904823053823308,False
run_0019,66.0,0.37942945245881016,False
run_0019,67.0,0.3680275938786603,False
run_0019,68.0,0.35638011186623597,False
run_0019,69.0,0.3445817188643503,False
run_0019,70.0,0.33271737708288845,False
run_0019,71.0,0.32086208430214036,False
run_0019,72.0,0.30908101969987134,False
run_0019,73.0,0.29743020853230134,False
run_0019,74.0,2.482283722533056,True
run_0019,75.0,0.27609426652786556,False
run_0019,76.0,0.266479027754325,False
run_0019,77.0,0.25819058264342953,False
run_0019,78.0,0.2513884961871966,False
run_0019,79.0,0.24615089657373423,False
run_0019,80.0,0.2424319255704741,False
run_0020,30.0,nan,False
run_0020,31.0,0.8328581278194298,False
run_0020,32.0,0.9953141671714054,False
run_0020,33.0,1.1074100750793057,False
run_0020,34.0,1.1266372870911183,False
run_0020,35.0,1.0976818362141747,False
run_0020,36.0,1.0584865917236195,False
run_0020,37.0,1.031249683437885,False
run_0020,38.0,1.0204705554692435,False
run_0020,39.0,1.018766900009205,False
run_0020,40.0,1.0165209483642705,False
run_0020,41.0,1.0075443727796107,False
run_0020,42.0,0.9896272391313603,False
run_0020,43.0,0.9631921335978805,False
run_0020,44.0,0.9299937306217743,False
run_0020,45.0,0.8922522428655536,False
run_0020,46.0,0.8521477203857,False
run_0020,47.0,0.8115554088892754,False
run_0020,48.0,0.7719363831218069,False
run_0020,49.0,0.7343230189558427,False
run_0020,50.0,0.6993522549469321,False
run_0020,51.0,0.6673265215559406,False
run_0020,52.0,0.6382859006839782,False
run_0020,53.0,0.6120809055464371,False
run_0020,54.0,0.5884373318354676,False
run_0020,55.0,0.5670140994918299,False
run_0020,56.0,0.5474508319844591,False
run_0020,57.0,0.529400052511584,False
run_0020,58.0,0.5125476287285735,False
run_0020,59.0,0.49662493434580846,False
run_0020,60.0,0.48141176413855724,False
run_0020,61.0,0.46673663941395815,False
run_0020,62.0,0.45247207578864174,False
run_0020,63.0,0.43852788798141135,False
run_0020,64.0,0.42484464899684643,False
run_0020,65.0,0.41138704258152564,False
run_0020,66.0,0.3981384901061068,False
run_0020,67.0,0.38509606480872016,False
run_0020,68.0,0.37226670670126855,False
run_0020,69.0,0.3596632090100142,False
run_0020,70.0,0.3473020171039289,False
run_0020,71.0,0.33520128822039263,False
run_0020,72.0,0.32337951172705426,False
run_0020,73.0,0.3118542935047281,False
run_0020,74.0,2.4841133275857064,True
run_0020,75.0,0.2913609230958137,False
run_0020,76.0,0.2833544103532811,False
run_0020,77.0,0.27737913947559006,False
run_0020,78.0,0.27322581308647975,False
run_0020,79.0,0.270698496126204,False
run_0020,80.0,0.26956163623151885,False
run_0021,30.0,nan,False
run_0021,31.0,1.9457293983312463,True
run_0021,32.0,1.4807772210537187,True
run_0021,33.0,1.3376378208252864,False
run_0021,34.0,1.3092847313612939,False
run_0021,35.0,1.2853327254221536,False
run_0021,36.0,1.2405903555170177,False
run_0021,37.0,1.1875359298880208,False
run_0021,38.0,1.1391725517748208,False
run_0021,39.0,1.0974523736342483,False
run_0021,40.0,1.0571209985754062,False
run_0021,41.0,1.0126693592754847,False
run_0021,42.0,0.9617712100557144,False
run_0021,43.0,0.9051293419405713,False
run_0021,44.0,0.8451489389773156,False
run_0021,45.0,0.7847947558121259,False
run_0021,46.0,0.72686971773898,False
run_0021,47.0,0.6736325266120597,False
run_0021,48.0,0.6266313375867639,False
run_0021,49.0,0.5866587456020711,False
run_0021,50.0,0.5537984375840206,False
run_0021,51.0,0.5275511863119288,False
run_0021,52.0,0.5070087715464386,False
run_0021,53.0,0.49104459524050637,False
run_0021,54.0,0.47849465693745213,False
run_0021,55.0,0.46829124274338474,False
run_0021,56.0,0.4595404120485098,False
run_0021,57.0,0.4515484617799864,False
run_0021,58.0,0.44381498613784676,False
run_0021,59.0,0.4360075149410112,False
run_0021,60.0,0.42792871574745395,False
run_0021,61.0,0.41948308663871464,False
run_0021,62.0,0.41064786038921147,False
run_0021,63.0,0.4014492983623513,False
run_0021,64.0,0.3919439676045705,False
run_0021,65.0,0.3822048736490397,False
run_0021,66.0,0.37231103330681475,False
run_0021,67.0,0.3623404864766208,False
run_0021,68.0,0.35236581927474364,False
run_0021,69.0,0.3424515193071517,False
run_0021,70.0,0.33265262573206184,False
run_0021,71.0,0.3230144369188766,False
run_0021,72.0,0.31357213332656486,False
run_0021,73.0,0.30435224250204274,False
run_0021,74.0,2.483092925172859,True
run_0021,75.0,0.28795573666670893,False
run_0021,76.0,0.28067037786002164,False
run_0021,77.0,0.2745382572363131,False
run_0021,78.0,0.26968240207426897,False
run_0021,79.0,0.2661481407832316,False
run_0021,80.0,0.2638663502588456,False
run_0022,30.0,nan,False
run_0022,31.0,1.9982737977318121,True
run_0022,32.0,1.695828001031952,True
run_0022,33.0,1.6506361302732881,True
run_0022,34.0,1.616052152293631,True
run_0022,35.0,1.538600302651937,True
run_0022,36.0,1.434354150483242,False
run_0022,37.0,1.3305801492224953,False
run_0022,38.0,1.2431971554296875,False
run_0022,39.0,1.1728440254206491,False
run_0022,40.0,1.1117291745215927,False
run_0022,41.0,1.0521521430294707,False
run_0022,42.0,0.9901116370261244,False
run_0022,43.0,0.9249795134428553,False
run_0022,44.0,0.8581344553950779,False
run_0022,45.0,0.7918090850014231,False
run_0022,46.0,0.7283430802173111,False
run_0022,47.0,0.6697680922784585,False
run_0022,48.0,0.6175922238859421,False
run_0022,49.0,0.5727104176957296,False
run_0022,50.0,0.5353937390388229,False
run_0022,51.0,0.5053504013898656,False
run_0022,52.0,0.4818361699743875,False
run_0022,53.0,0.46381217720953954,False
run_0022,54.0,0.45011070506024076,False
run_0022,55.0,0.4395886611557535,False
run_0022,56.0,0.4312299082223572,False
run_0022,57.0,0.4241973019217823,False
run_0022,58.0,0.4178454433836821,False
run_0022,59.0,0.4117070947542528,False
run_0022,60.0,0.40546577756034563,False
run_0022,61.0,0.3989248243016995,False
run_0022,62.0,0.3919782684324272,False
run_0022,63.0,0.3845862403994723,False
run_0022,64.0,0.3767550481959511,False
run_0022,65.0,0.3685216533580152,False
run_0022,66.0,0.3599420054639347,False
run_0022,67.0,0.3510824805283131,False
run_0022,68.0,0.3420140973079855,False
run_0022,69.0,0.33280829505630266,False
run_0022,70.0,0.32353401953669675,False
run_0022,71.0,0.3142559054652227,False
run_0022,72.0,0.3050337926703967,False
run_0022,73.0,0.2959187696067711,False
run_0022,74.0,2.482266256501068,True
run_0022,75.0,0.27957646991184915,False
run_0022,76.0,0.2723888731457245,False
run_0022,77.0,0.26639893559100014,False
run_0022,78.0,0.2616840497427953,False
run_0022,79.0,0.2582708033160623,False
run_0022,80.0,0.2560887151483134,False
run_0023,30.0,nan,False
run_0023,31.0,1.4088308780476115,False
run_0023,32.0,1.4481276889322654,True
run_0023,33.0,1.551022254925577,True
run_0023,34.0,1.5566033108032213,True
run_0023,35.0,1.4840743471987545,True
run_0023,36.0,1.3796781577877433,False
run_0023,37.0,1.2802506502029105,False
run_0023,38.0,1.2025392714850802,False
run_0023,39.0,1.1454734212186828,False
run_0023,40.0,1.0995614596114875,False
run_0023,41.0,1.0560187451179295,False
run_0023,42.0,1.0101850085125026,False
run_0023,43.0,0.9608874278556634,False
run_0023,44.0,0.9089417958848007,False
run_0023,45.0,0.8559962119862551,False
run_0023,46.0,0.8038375914948965,False
run_0023,47.0,0.7540277865662858,False
run_0023,48.0,0.7077417929111477,False
run_0023,49.0,0.665722996275295,False
run_0023,50.0,0.6283078318698893,False
run_0023,51.0,0.595490576529241,False
run_0023,52.0,0.5670001416611089,False
run_0023,53.0,0.5423819248446619,False
run_0023,54.0,0.5210786935739815,False
run_0023,55.0,0.5025008680025075,False
run_0023,56.0,0.4860779965338023,False
run_0023,57.0,0.47129378007404665,False
run_0023,58.0,0.4577060279565254,False
run_0023,59.0,0.44495356058988234,False
run_0023,60.0,0.43275491186348514,False
run_0023,61.0,0.42090065588018416,False
run_0023,62.0,0.40924305996413124,False
run_0023,63.0,0.3976853519031693,False
run_0023,64.0,0.38617156331159647,False
run_0023,65.0,0.3746768777911054,False
run_0023,66.0,0.363200001917773,False
run_0023,67.0,0.3517565294307723,False
run_0023,68.0,0.34037357099175525,False
run_0023,69.0,0.3290855793281871,False
run_0023,70.0,0.3179315220320204,False
run_0023,71.0,0.3069520429545842,False
run_0023,72.0,0.29618806167585604,False
run_0023,73.0,0.2856780892579972,False
run_0023,74.0,2.4809085148845367,True
run_0023,75.0,0.26707304453118436,False
run_0023,76.0,0.2592111654379654,False
run_0023,77.0,0.2528526326516104,False
run_0023,78.0,0.24801126340179325,False
run_0023,79.0,0.24465311783650678,False
run_0023,80.0,0.24267712743426179,False
